0,46.3284,0.5340,0.2248,0
1,46.3480,3.1837,2.9735,0
2,45.2755,0.8640,5.8098,0
3,47.8941,0.7589,8.5556,0
4,49.9664,3.4665,6.9343,0
5,50.3008,7.0328,8.1555,0
6,48.1712,9.1012,5.7785,0
7,49.5372,12.4252,4.5510,1
8,46.8201,14.9112,3.6695,1
9,45.6605,18.4568,4.1849,1
10,43.7678,20.1167,7.0414,1
11,42.8739,23.6391,8.1846,1
12,45.0243,24.3870,11.2183,1
13,44.9926,27.0726,13.9076,0
14,48.5094,27.7702,15.1622,0
15,47.1401,29.9486,17.9455,0
16,43.9332,31.7657,18.8924,0
17,42.7131,34.9451,17.1991,0
18,44.4006,33.6506,14.0695,0
19,42.8341,32.5913,10.7275,0
20,43.1779,29.0123,9.5482,0
21,46.2257,27.7517,7.6780,0
22,45.7384,24.8689,5.2427,0
23,48.7130,22.6147,5.8972,1
24,49.9446,19.1415,5.0006,1
25,49.5212,16.7981,7.9518,1
26,50.1851,13.1721,8.8857,1
27,47.3181,11.1537,10.3131,1
28,48.6001,8.1570,12.2643,1
29,46.7576,4.8285,11.7425,1
30,43.9341,3.8594,14.1207,1
31,45.1204,2.2414,17.3432,1
32,42.9399,-0.1488,19.3650,1
33,39.2013,0.4543,19.0428,1
34,39.6937,3.6146,16.9472,1
35,38.4920,4.4161,13.4023,1
36,40.0686,6.5595,10.7026,1
37,37.5285,8.3861,8.5741,1
38,37.5603,10.2417,5.2802,1
39,35.6488,13.5138,5.5835,0
40,33.2312,14.0237,2.7044,0
41,31.3632,17.0516,4.0665,0
42,31.6247,19.0956,7.2631,0
43,29.6156,22.0789,8.5031,0
44,30.7585,25.3195,10.0947,0
45,29.2396,25.5969,13.6118,1
46,29.5390,28.7591,15.7488,1
47,31.3326,26.7171,18.3888,1
48,34.2821,26.2624,15.9647,1
49,34.5182,30.0429,15.8122,1
50,34.5895,30.2574,19.6240,1
51,38.0314,28.6689,19.4652,1
52,39.2517,31.3092,16.9960,1
53,37.7763,34.1525,19.0885,0
54,39.3888,32.6985,22.2069,0
55,36.1375,32.2566,24.1274,0
56,36.3296,28.4526,23.9582,0
57,39.0671,26.4467,25.6715,0
59,41.5533,24.5482,23.4802,0
60,45.2428,23.6891,23.1750,0
61,47.3066,24.8249,20.1906,0
62,47.8219,23.9038,17.4863,0
63,44.4676,22.3187,16.7223,0
64,42.1687,21.0998,13.9755,0
65,38.6037,22.1174,14.8140,0
66,35.3760,21.2092,13.0646,0
67,33.0696,18.5988,14.5916,0
68,29.9796,18.5456,12.4176,0
69,30.4777,16.1018,9.5218,0
70,29.6915,12.9670,7.5174,0
71,32.4488,10.6449,6.2908,1
72,33.4321,7.1766,5.1435,1
73,35.4033,4.6797,7.1801,1
74,38.8513,4.3149,5.6608,1
75,40.3238,1.8537,8.1738,1
76,39.2657,0.4460,11.5499,1
77,41.6887,-0.2370,14.4051,1
78,42.1614,-3.5060,16.2801,1
79,39.0250,-4.7288,18.0093,1
80,36.5159,-2.4490,16.2707,1
81,33.1824,-4.2007,15.6759,1
82,30.6010,-1.4966,14.9763,1
83,31.9151,-0.1782,11.6426,1
84,33.9907,-1.5201,8.7183,1
85,35.9548,0.2297,5.9224,1
86,33.5641,1.7374,3.3765,1
87,30.8111,2.2649,5.9655,1
88,29.1961,5.7127,5.9493,1
89,29.3820,7.3941,9.3553,0
90,29.1050,10.6017,11.3653,0
91,31.8203,11.2999,13.9508,0
92,30.3912,12.0542,17.4239,0
93,31.7247,15.0328,19.3708,0
94,29.5092,13.6809,22.1884,0
95,30.4300,9.9943,22.7074,0
96,28.3312,7.1056,23.9309,0
97,30.6107,4.5130,25.5680,0
98,27.4928,2.7313,26.8500,0
99,29.1604,1.9076,30.1803,0
100,29.1805,5.1005,32.2383,0
101,26.3469,6.3476,34.4761,0
102,25.0250,8.8545,31.9161,1
103,25.1506,6.2705,29.1403,1
104,23.2485,3.6901,31.1702,1
105,20.7487,6.1747,32.5473,1
106,17.8634,6.7925,30.1243,0
107,17.8098,10.4925,31.0235,0
108,21.5340,10.9949,30.4339,0
109,23.6518,11.6939,27.3787,0
110,26.8370,13.4419,28.4541,0
111,29.0437,10.3627,28.2723,0
112,32.0841,10.2071,30.5686,0
113,34.3999,10.3708,27.5455,0
114,33.1037,13.7492,26.4286,0
115,35.8970,16.2960,26.0464,0
116,34.2811,18.8367,28.3365,0
117,37.6589,20.0692,29.5430,0
119,39.4987,21.0847,26.3818,0
120,41.9385,18.1458,26.2317,0
121,41.9545,17.6726,22.4419,0
122,43.1372,14.0689,22.5931,0
123,41.5498,10.6367,22.1946,0
124,40.5962,8.1256,24.8995,0
125,44.1399,6.8028,25.3742,0
126,45.3562,10.3711,25.8977,0
127,47.3006,10.8353,22.6446,0
128,47.0108,12.7287,19.3476,0
129,46.9869,11.2197,15.8349,1
130,47.7706,14.3386,13.8383,1
131,51.1958,15.7682,13.0995,1
132,52.2563,18.8346,11.0850,1
133,55.7609,20.3223,10.6541,1
134,57.0284,17.7785,13.1842,1
135,54.8792,19.1837,15.9928,1
136,51.6619,17.2937,16.8553,1
137,48.3809,19.1572,16.4186,1
138,45.4832,18.5734,18.8260,1
139,42.0023,17.1575,18.1925,1
140,38.7881,19.0411,18.9199,1
141,35.7201,17.7580,20.7657,1
142,36.6175,14.1021,20.1334,1
143,36.2830,14.7098,16.4062,1
144,38.3797,17.1716,14.3496,1
145,36.7369,17.3540,10.9409,1
146,38.2716,20.2950,9.1116,1
147,40.7294,17.7408,7.7318,1
148,40.5373,15.2152,4.9007,1
149,41.1509,12.4337,7.4307,1
150,40.5978,12.0124,11.1712,1
151,40.7808,9.3142,13.8575,1
152,37.9800,9.0128,16.4202,1
153,37.3271,6.3863,19.0807,1
154,34.7910,3.6855,18.2386,1
155,32.5327,5.1982,20.9052,1
156,32.4711,8.4234,18.8496,1
157,31.3300,6.7097,15.6514,1
158,27.7681,6.4620,14.4506,1
159,27.1335,4.2284,11.4453,1
160,24.3922,5.7742,9.3022,1
161,22.3391,4.8662,6.2039,1
162,24.5656,4.3960,3.0830,1
163,22.0250,6.3210,1.0158,1
164,22.3726,9.4952,3.0568,1
165,23.4252,12.7878,1.3658,1
166,26.7000,13.4422,3.2010,1
167,26.4917,17.2060,2.5104,1
168,23.0900,17.4297,4.2118,1
169,23.1476,14.7581,6.9285,1
170,26.3173,16.2456,8.3867,1
171,24.0845,18.8034,10.1411,1
172,22.9664,15.7813,12.1651,1
173,26.5092,15.8473,13.5841,1
174,25.8890,19.0025,15.6057,1
175,23.5819,21.8757,14.6816,1
176,20.3408,20.1851,13.6306,1
177,20.4647,17.4375,16.2350,1
178,21.2298,20.0782,18.8529,1
179,18.2816,22.3748,18.2081,1
180,15.8578,19.7134,17.0810,1
181,16.4637,17.6150,20.1993,1
182,16.5461,20.7862,22.3145,1
183,12.8251,21.1015,21.7104,1
184,11.6703,17.5277,21.4151,1
185,13.9718,15.8216,23.9311,1
186,15.4306,18.2917,26.4350,1
187,12.5175,20.7407,26.4952,1
188,9.8133,18.1822,25.7337,1
189,7.7468,20.9773,24.2058,1
190,4.0307,20.2433,24.4190,1
191,1.3821,20.5712,21.7006,1
192,-0.3955,23.9301,21.5775,1
193,2.2934,25.5826,23.6683,1
194,4.1120,28.8353,22.9786,1
195,7.8594,28.7894,22.4419,1
196,10.3249,31.6267,22.0288,1
197,13.6773,31.0464,20.3387,1
198,16.5293,33.3862,21.1511,1
199,18.9244,33.2116,18.2057,1
200,17.9054,32.6170,14.6290,1
201,21.1261,30.9251,13.5382,1
202,21.7454,27.3429,12.5297,1
203,20.8707,25.8386,15.9069,1
204,17.9516,28.1806,16.5579,1
205,16.2698,27.3632,13.2630,1
206,16.6148,23.6548,14.1936,1
207,14.9837,24.3401,17.6206,1
208,12.1481,26.0142,15.7094,1
209,11.8218,22.9242,13.5109,1
210,11.7659,20.8765,16.7060,1
211,9.0703,23.0671,18.3057,1
212,7.1224,22.8525,15.0589,1
213,7.2307,19.0669,15.1034,1
214,6.1935,19.1127,18.7894,1
215,3.0288,20.8718,17.6278,1
216,3.7387,24.2497,19.2203,1
217,1.0357,26.8374,18.5541,1
218,3.2967,29.8424,18.6393,1
219,7.0280,30.0379,18.0419,1
220,8.4403,33.5001,18.3337,1
221,11.9548,33.9685,16.9868,1
222,14.3066,36.6051,18.2808,1
223,17.4635,37.9835,16.7436,1
224,19.2454,41.2944,16.4384,1
225,19.6795,40.5763,12.7255,1
226,16.3240,40.9265,10.9850,1
227,17.5887,39.3316,7.7444,1
228,17.3081,36.0741,9.6903,1
229,13.5070,36.5022,10.0712,1
230,12.4009,35.3743,6.6169,1
231,14.1811,32.0470,7.1058,1
232,12.7989,31.6614,10.6718,1
233,9.2980,32.1925,9.3108,1
234,10.0280,29.5584,6.6609,1
235,11.2097,26.8041,8.9992,1
236,8.1755,27.3444,11.2374,1
237,8.2683,30.5779,13.2353,1
238,4.8890,32.2835,13.7175,1
239,6.4634,35.7196,14.1089,1
240,9.8752,37.2586,14.8954,1
241,11.0167,40.3221,16.7552,1
242,14.1563,42.0476,17.8377,1
243,15.1266,43.1570,21.3377,1
244,15.7054,46.6723,19.9278,1
245,12.1485,47.0470,18.6317,1
246,11.1816,48.3912,22.0649,1
247,12.7943,49.7717,25.2147,1
248,10.7534,47.7589,27.7273,1
249,12.4879,44.5202,28.8204,1
250,12.1552,41.6692,26.3392,1
251,10.4974,39.5419,29.0646,1
252,7.6635,42.0835,29.3644,1
253,7.3166,42.3458,25.6076,1
254,7.0047,38.5818,25.2528,1
255,4.5633,38.4045,28.1636,1
256,2.3192,41.0896,26.6750,1
257,2.5306,39.3954,23.2502,1
258,1.3498,36.0298,24.6154,1
259,-0.8744,37.1264,27.4889,0
260,1.6713,35.8447,30.0187,0
261,1.8366,32.3650,28.5022,0
262,5.4137,31.6898,27.4074,0
263,5.7202,27.9903,28.1049,0
264,9.2314,27.4510,26.6760,1
265,12.2826,29.6199,25.9730,1
266,15.5468,28.5207,24.3233,1
267,18.7955,30.4179,24.4378,1
268,20.6548,29.6131,21.2083,1
269,23.1493,32.4726,21.0731,1
270,25.7339,32.0669,23.7879,1
271,25.5198,35.1893,25.9358,1
272,24.9756,35.0694,29.7122,1
273,22.7441,38.1538,29.3899,1
274,20.3840,36.4375,26.9884,1
275,20.3859,33.2657,29.0665,1
276,18.9039,35.4136,31.8587,1
277,16.6302,37.2113,29.3751,1
278,15.4446,33.7863,28.2447,1
279,14.8107,32.6288,31.8381,1
280,12.8389,35.7050,32.8585,1
281,10.9313,35.3909,29.6045,1
282,9.3234,32.0022,30.3248,1
283,6.2008,31.9683,32.5777,0
284,7.4607,32.4941,36.1545,0
285,5.7332,29.4129,37.4733,0
286,5.2108,26.8107,34.7419,0
287,7.7371,28.0516,32.1810,0
288,10.8310,26.1245,31.0335,0
289,14.0699,27.7509,29.7679,0
290,16.5178,25.5072,27.8999,0
291,20.0953,26.7452,27.6549,0
292,21.5680,25.6223,24.3045,0
293,24.1352,28.3227,23.5706,0
294,27.5420,27.6310,25.0195,0
295,28.4758,30.3056,27.5825,0
296,31.8985,31.9922,27.2840,0
297,34.4587,30.2213,29.4681,0
298,35.3094,31.3653,32.9976,0
299,32.3509,33.7494,33.1752,0
300,30.1385,33.6925,36.2577,0
301,26.3930,34.1533,35.9015,0
302,24.5982,36.5191,38.2594,0
303,20.8127,36.4453,38.3378,0
304,17.7840,37.0156,40.5719,0
305,17.1100,33.6755,42.3193,0
306,13.4480,34.7016,42.7114,0
307,13.0461,34.0631,38.9686,0
308,13.7720,30.4169,39.6229,0
309,12.0204,30.1682,43.0100,0
310,8.5199,30.8788,41.7307,0
311,8.6412,27.6353,39.7505,0
312,10.5495,28.1119,36.4702,0
313,12.4189,25.0415,35.1924,0
314,15.9263,25.9505,33.9464,0
315,18.0674,23.2810,32.2626,0
316,21.1458,22.7915,30.0661,0
317,21.4742,21.0084,26.7173,0
318,24.2654,18.9740,25.2458,1
319,23.6694,17.7830,21.6624,1
320,19.9451,18.3958,21.9862,1
321,19.8346,15.6069,24.5513,1
322,20.7102,12.7081,22.2436,1
323,22.5018,9.4940,23.1617,1
324,24.7247,9.8803,20.0999,1
325,25.2339,6.2628,18.9793,1
326,21.5542,5.3952,19.3245,1
327,19.9557,8.5936,18.0710,1
328,22.1192,9.8755,15.2008,1
329,21.2600,6.8428,13.0605,1
330,17.5868,7.4499,13.7595,1
331,17.7142,11.1229,12.8774,1
332,19.3418,10.1511,9.5374,1
333,16.6725,7.4942,8.9376,1
334,13.9825,10.0225,9.7720,1
335,15.6224,12.4576,7.3424,1
336,15.3824,9.8409,4.5848,1
337,11.7699,9.3348,5.7207,1
338,11.2106,12.9900,4.7509,1
339,10.2079,14.0053,8.2753,1
340,12.1350,17.2808,8.0657,1
341,14.0209,19.3129,5.4526,1
342,17.6586,20.2118,6.0880,1
343,18.2087,22.1175,2.8022,1
344,16.7320,25.2392,4.3757,1
345,19.5857,25.3197,6.9028,1
346,22.3256,25.1720,4.3041,1
347,22.6945,28.5740,2.6774,1
348,26.0897,27.8284,1.1406,0
349,28.0276,24.7765,-0.0551,0
350,31.7110,25.5019,-0.7193,0
351,34.8601,23.4659,-1.3788,0
352,37.0047,22.9168,1.6958,1
353,39.6121,25.4634,0.4921,1
354,37.0737,28.2584,0.8459,1
355,36.8051,27.6510,4.6155,1
356,37.7490,31.2684,5.3960,1
357,34.8328,32.5029,3.2636,1
358,32.4620,30.2236,5.1921,1
359,33.6568,31.7952,8.4285,1
360,33.3460,35.2921,6.9434,1
361,29.7032,34.6783,6.0319,1
362,28.8968,33.2163,9.4680,1
363,30.4275,36.2026,11.2724,1
364,28.6655,38.7249,9.0382,1
365,25.1862,37.2472,9.2971,1
366,25.0721,36.3130,5.6192,1
367,24.7862,32.5801,6.2373,1
368,22.9616,30.0252,8.3472,1
369,24.8474,26.7732,7.8198,1
370,27.7987,26.6398,5.4205,0
371,28.9664,23.2011,4.3074,0
372,32.5417,22.5901,3.2222,0
373,33.0043,19.7169,0.7873,0
374,35.9598,17.4736,-0.1223,0
