0,46.2359,0.4998,0.1801,0
1,46.2690,3.1498,2.9285,0
2,45.1990,0.8327,5.7680,0
3,47.8247,0.7221,8.5067,0
4,49.8987,3.4248,6.8795,0
5,50.2444,6.9905,8.0994,0
6,48.1129,9.0634,5.7279,0
7,49.4831,12.3842,4.4964,1
8,46.7692,14.8762,3.6220,1
9,45.6189,18.4244,4.1401,1
10,43.7377,20.0889,7.0015,1
11,42.8548,23.6134,8.1468,1
12,45.0151,24.3567,11.1745,0
13,44.9967,27.0427,13.8637,0
14,48.5185,27.7325,15.1086,0
15,47.1616,29.9143,17.8954,0
16,43.9613,31.7387,18.8508,0
17,42.7438,34.9206,17.1604,0
18,44.4198,33.6220,14.0264,0
19,42.8420,32.5660,10.6889,0
20,43.1745,28.9860,9.5090,0
21,46.2144,27.7184,7.6307,0
22,45.7140,24.8365,5.1970,0
23,48.6853,22.5757,5.8437,0
24,49.9068,19.0996,4.9441,0
25,49.4861,16.7576,7.8967,1
26,50.1445,13.1301,8.8292,1
27,47.2768,11.1183,10.2646,1
28,48.5574,8.1189,12.2126,1
29,46.7060,4.7945,11.6962,1
30,43.8868,3.8319,14.0822,1
31,45.0783,2.2117,17.3016,1
32,42.8979,-0.1734,19.3296,1
33,39.1598,0.4380,19.0175,1
34,39.6536,3.5970,16.9202,1
35,38.4441,4.4007,13.3785,1
36,40.0181,6.5403,10.6743,1
37,37.4764,8.3724,8.5525,1
38,37.5033,10.2277,5.2583,1
39,35.6000,13.5040,5.5664,0
40,33.1757,14.0190,2.6938,0
41,31.3182,17.0513,4.0607,0
42,31.5930,19.0950,7.2563,0
43,29.5940,22.0829,8.5014,0
44,30.7484,25.3211,10.0896,0
45,29.2397,25.6022,13.6108,1
46,29.5520,28.7640,15.7466,1
47,31.3481,26.7183,18.3819,1
48,34.2901,26.2567,15.9499,1
49,34.5342,30.0366,15.7963,1
50,34.6164,30.2514,19.6079,1
51,38.0542,28.6552,19.4399,1
52,39.2737,31.2925,16.9672,1
53,37.8104,34.1393,19.0633,0
54,39.4281,32.6820,22.1775,0
55,36.1810,32.2476,24.1069,0
56,36.3641,28.4431,23.9376,0
57,39.1018,26.4313,25.6437,0
59,41.5778,24.5271,23.4458,0
60,45.2645,23.6596,23.1307,0
61,47.3227,24.7905,20.1405,0
62,47.8286,23.8679,17.4349,0
63,44.4688,22.2903,16.6802,0
64,42.1597,21.0763,13.9399,0
65,38.5992,22.1019,14.7879,0
66,35.3647,21.2007,13.0474,0
67,33.0567,18.5957,14.5809,0
68,29.9607,18.5492,12.4154,0
69,30.4454,16.1040,9.5185,0
70,29.6468,12.9707,7.5166,0
71,32.3956,10.6423,6.2828,1
72,33.3679,7.1717,5.1331,1
73,35.3390,4.6706,7.1646,1
74,38.7822,4.2980,5.6360,1
75,40.2559,1.8338,8.1453,1
76,39.2039,0.4288,11.5244,1
77,41.6331,-0.2593,14.3731,1
78,42.1036,-3.5292,16.2472,1
79,38.9691,-4.7448,17.9850,1
80,36.4604,-2.4596,16.2530,1
81,33.1214,-4.2039,15.6675,1
82,30.5441,-1.4941,14.9745,1
83,31.8522,-0.1789,11.6371,1
84,33.9168,-1.5258,8.7074,1
85,35.8772,0.2193,5.9059,1
86,33.4829,1.7321,3.3663,1
87,30.7382,2.2660,5.9628,1
88,29.1309,5.7174,5.9506,1
89,29.3298,7.3987,9.3559,0
90,29.0655,10.6072,11.3663,0
91,31.7893,11.2996,13.9444,0
92,30.3714,12.0574,17.4212,0
93,31.7167,15.0333,19.3642,0
94,29.5059,13.6865,22.1879,0
95,30.4199,9.9980,22.7048,0
96,28.3179,7.1141,23.9343,0
97,30.5961,4.5166,25.5655,0
98,27.4777,2.7420,26.8562,0
99,29.1524,1.9149,30.1820,0
100,29.1854,5.1080,32.2396,0
101,26.3606,6.3616,34.4850,0
102,25.0374,8.8712,31.9283,1
103,25.1496,6.2866,29.1525,1
104,23.2473,3.7107,31.1878,1
105,20.7568,6.2010,32.5714,1
106,17.8664,6.8251,30.1562,0
107,17.8235,10.5252,31.0551,0
108,21.5472,11.0193,30.4554,0
109,23.6582,11.7132,27.3943,0
110,26.8502,13.4542,28.4609,0
111,29.0495,10.3700,28.2734,0
112,32.0958,10.2079,30.5614,0
113,34.4038,10.3661,27.5321,0
114,33.1121,13.7473,26.4184,0
115,35.9100,16.2877,26.0283,0
116,34.3061,18.8323,28.3225,0
117,37.6899,20.0574,29.5197,0
119,39.5234,21.0685,26.3534,0
120,41.9561,18.1241,26.1970,0
121,41.9608,17.6504,22.4072,0
122,43.1359,14.0441,22.5555,0
123,41.5397,10.6154,22.1618,0
124,40.5878,8.1067,24.8695,0
125,44.1298,6.7761,25.3347,0
126,45.3555,10.3416,25.8545,0
127,47.2920,10.8012,22.5961,0
128,46.9976,12.6949,19.2997,0
129,46.9608,11.1856,15.7872,1
130,47.7460,14.3025,13.7882,1
131,51.1724,15.7243,13.0400,1
132,52.2342,18.7882,11.0223,1
133,55.7410,20.2681,10.5816,1
134,57.0096,17.7217,13.1085,1
135,54.8713,19.1319,15.9228,1
136,51.6521,17.2492,16.7943,1
137,48.3741,19.1201,16.3663,1
138,45.4816,18.5430,18.7816,1
139,41.9959,17.1348,18.1577,1
140,38.7879,19.0256,18.8936,1
141,35.7221,17.7496,20.7479,1
142,36.6096,14.0917,20.1135,1
143,36.2663,14.6997,16.3872,1
144,38.3629,17.1566,14.3247,1
145,36.7113,17.3424,10.9204,1
146,38.2476,20.2797,9.0866,1
147,40.6959,17.7199,7.7004,1
148,40.4904,15.1944,4.8702,1
149,41.1047,12.4118,7.3988,1
150,40.5608,11.9921,11.1409,1
151,40.7451,9.2938,13.8269,1
152,37.9506,8.9989,16.3972,1
153,37.2990,6.3742,19.0598,1
154,34.7546,3.6789,18.2249,1
155,32.5070,5.1970,20.8975,1
156,32.4470,8.4221,18.8417,1
157,31.2934,6.7107,15.6467,1
158,27.7277,6.4708,14.4556,1
159,27.0799,4.2383,11.4523,1
160,24.3363,5.7900,9.3165,1
161,22.2727,4.8863,6.2239,1
162,24.4897,4.4108,3.0971,1
163,21.9478,6.3413,1.0366,1
164,22.3080,9.5149,3.0763,1
165,23.3634,12.8049,1.3820,1
166,26.6447,13.4522,3.2083,1
167,26.4428,17.2164,2.5178,1
168,23.0463,17.4479,4.2284,1
169,23.1053,14.7764,6.9453,1
170,26.2823,16.2569,8.3947,1
171,24.0600,18.8199,10.1548,1
172,22.9407,15.8005,12.1822,1
173,26.4875,15.8588,13.5916,1
174,25.8797,19.0155,15.6145,1
175,23.5766,21.8938,14.6963,1
176,20.3289,20.2103,13.6543,1
177,20.4537,17.4628,16.2587,1
178,21.2319,20.1021,18.8742,1
179,18.2871,22.4052,18.2371,1
180,15.8542,19.7491,17.1170,1
181,16.4639,17.6496,20.2338,1
182,16.5591,20.8208,22.3485,1
183,12.8372,21.1444,21.7544,1
184,11.6737,17.5732,21.4627,1
185,13.9781,15.8622,23.9726,1
186,15.4492,18.3293,26.4722,1
187,12.5419,20.7848,26.5401,1
188,9.8299,18.2323,25.7862,1
189,7.7655,21.0319,24.2636,1
190,4.0484,20.3062,24.4870,1
191,1.3931,20.6398,21.7757,1
192,-0.3773,24.0026,21.6572,1
193,2.3209,25.6493,23.7405,1
194,4.1450,28.8979,23.0455,1
195,7.8907,28.8435,22.4986,1
196,10.3615,31.6752,22.0785,1
197,13.7079,31.0873,20.3794,1
198,16.5674,33.4208,21.1838,1
199,18.9541,33.2405,18.2318,1
200,17.9241,32.6478,14.6580,1
201,21.1380,30.9486,13.5587,1
202,21.7466,27.3649,12.5489,1
203,20.8776,25.8629,15.9286,1
204,17.9655,28.2115,16.5872,1
205,16.2730,27.3975,13.2970,1
206,16.6122,23.6885,14.2271,1
207,14.9920,24.3778,17.6584,1
208,12.1549,26.0581,15.7548,1
209,11.8158,22.9686,13.5575,1
210,11.7639,20.9213,16.7530,1
211,9.0776,23.1181,18.3597,1
212,7.1204,22.9075,15.1182,1
213,7.2204,19.1216,15.1629,1
214,6.1933,19.1702,18.8517,1
215,3.0293,20.9362,17.6984,1
216,3.7512,24.3127,19.2887,1
217,1.0522,26.9064,18.6296,1
218,3.3201,29.9063,18.7083,1
219,7.0502,30.0934,18.1007,1
220,8.4710,33.5524,18.3883,1
221,11.9829,34.0128,17.0318,1
222,14.3441,36.6443,18.3191,1
223,17.4999,38.0155,16.7733,1
224,19.2883,41.3224,16.4629,1
225,19.7108,40.6029,12.7488,1
226,16.3514,40.9605,11.0174,1
227,17.6037,39.3624,7.7735,1
228,17.3210,36.1057,9.7205,1
229,13.5220,36.5424,10.1117,1
230,12.4039,35.4166,6.6606,1
231,14.1780,32.0854,7.1450,1
232,12.8047,31.7033,10.7148,1
233,9.3013,32.2420,9.3632,1
234,10.0182,29.6060,6.7117,1
235,11.2001,26.8493,9.0471,1
236,8.1732,27.3967,11.2935,1
237,8.2787,30.6302,13.2907,1
238,4.9045,32.3434,13.7819,1
239,6.4877,35.7760,14.1687,1
240,9.9050,37.3074,14.9457,1
241,11.0584,40.3685,16.8021,1
242,14.2047,42.0871,17.8758,1
243,15.1870,43.1947,21.3731,1
244,15.7699,46.7085,19.9612,1
245,12.2103,47.0911,18.6747,1
246,11.2558,48.4378,22.1104,1
247,12.8801,49.8150,25.2557,1
248,10.8416,47.8070,27.7740,1
249,12.5718,44.5646,28.8628,1
250,12.2260,41.7140,26.3828,1
251,10.5708,39.5907,29.1129,1
252,7.7434,42.1388,29.4202,1
253,7.3869,42.4014,25.6642,1
254,7.0656,38.6380,25.3107,1
255,4.6317,38.4666,28.2282,1
256,2.3896,41.1565,26.7453,1
257,2.5879,39.4615,23.3202,1
258,1.4033,36.0987,24.6890,1
259,-0.8107,37.2005,27.5684,0
260,1.7391,35.9134,30.0914,0
261,1.8925,32.4332,28.5748,0
262,5.4651,31.7499,27.4704,0
263,5.7652,28.0498,28.1674,0
264,9.2713,27.5025,26.7290,1
265,12.3254,29.6645,26.0176,1
266,15.5826,28.5578,24.3591,1
267,18.8359,30.4478,24.4646,1
268,20.6845,29.6384,21.2301,1
269,23.1850,32.4924,21.0879,1
270,25.7761,32.0811,23.7957,1
271,25.5748,35.2043,25.9438,1
272,25.0406,35.0859,29.7217,1
273,22.8152,38.1753,29.4051,1
274,20.4447,36.4640,27.0102,1
275,20.4451,33.2924,29.0886,1
276,18.9756,35.4440,31.8846,1
277,16.6992,37.2465,29.4070,1
278,15.5028,33.8240,28.2802,1
279,14.8761,32.6683,31.8754,1
280,12.9140,35.7490,32.9009,1
281,10.9969,35.4389,29.6521,1
282,9.3834,32.0538,30.3771,1
283,6.2668,32.0272,32.6385,0
284,7.5376,32.5505,36.2118,0
285,5.8068,29.4734,37.5357,0
286,5.2712,26.8720,34.8059,0
287,7.7933,28.1070,32.2380,0
288,10.8797,26.1728,31.0824,0
289,14.1188,27.7919,29.8078,0
290,16.5566,25.5425,27.9334,0
291,20.1362,26.7725,27.6785,0
292,21.5973,25.6460,24.3243,0
293,24.1685,28.3405,23.5831,0
294,27.5776,27.6413,25.0229,0
295,28.5244,30.3141,27.5830,0
296,31.9500,31.9930,27.2750,0
297,34.5121,30.2165,29.4524,0
298,35.3750,31.3590,32.9794,0
299,32.4224,33.7498,33.1647,0
300,30.2183,33.6981,36.2533,0
301,26.4728,34.1673,35.9072,0
302,24.6898,36.5373,38.2697,0
303,20.9043,36.4720,38.3584,0
304,17.8830,37.0494,40.6006,0
305,17.2062,33.7109,42.3502,0
306,13.5476,34.7453,42.7522,0
307,13.1341,34.1073,39.0106,0
308,13.8536,30.4596,39.6632,0
309,12.1107,30.2151,43.0552,0
310,8.6084,30.9334,41.7853,0
311,8.7170,27.6894,39.8051,0
312,10.6174,28.1614,36.5196,0
313,12.4764,25.0867,35.2371,0
314,15.9825,25.9878,33.9815,0
315,18.1130,23.3133,32.2921,0
316,21.1844,22.8167,30.0874,0
317,21.4997,21.0325,26.7378,0
318,24.2823,18.9917,25.2590,1
319,23.6739,17.8017,21.6773,1
320,19.9518,18.4228,22.0112,1
321,19.8421,15.6344,24.5769,1
322,20.7050,12.7335,22.2672,1
323,22.4918,9.5154,23.1807,1
324,24.7073,9.8964,20.1128,1
325,25.2053,6.2777,18.9913,1
326,21.5246,5.4184,19.3466,1
327,19.9299,8.6202,18.0971,1
328,22.0885,9.8970,15.2209,1
329,21.2167,6.8660,13.0832,1
330,17.5467,7.4814,13.7921,1
331,17.6799,11.1540,12.9093,1
332,19.2964,10.1783,9.5649,1
333,16.6195,7.5272,8.9728,1
334,13.9374,10.0616,9.8141,1
335,15.5762,12.4929,7.3798,1
336,15.3228,9.8764,4.6232,1
337,11.7122,9.3784,5.7690,1
338,11.1586,13.0348,4.8002,1
339,10.1677,14.0527,8.3272,1
340,12.1016,17.3239,8.1121,1
341,13.9848,19.3515,5.4936,1
342,17.6263,20.2424,6.1191,1
343,18.1718,22.1464,2.8316,1
344,16.7063,25.2716,4.4087,1
345,19.5670,25.3460,6.9281,1
346,22.2995,25.1919,4.3219,1
347,22.6716,28.5929,2.6939,1
348,26.0609,27.8395,1.1480,0
349,27.9887,24.7831,-0.0527,0
350,31.6719,25.5002,-0.7270,0
351,34.8147,23.4572,-1.3948,0
352,36.9664,22.9036,1.6740,1
353,39.5762,25.4442,0.4629,1
354,37.0451,28.2449,0.8234,1
355,36.7853,27.6385,4.5938,1
356,37.7394,31.2539,5.3713,1
357,34.8202,32.4947,3.2467,1
358,32.4495,30.2209,5.1819,1
359,33.6567,31.7901,8.4148,1
360,33.3497,35.2876,6.9302,1
361,29.7031,34.6818,6.0287,1
362,28.9027,33.2220,9.4671,1
363,30.4450,36.2050,11.2670,1
364,28.6826,38.7310,9.0373,1
365,25.2007,37.2612,9.3059,1
366,25.0745,36.3268,5.6284,1
367,24.7819,32.5946,6.2477,1
368,22.9573,30.0441,8.3628,1
369,24.8345,26.7878,7.8306,1
370,27.7789,26.6475,5.4234,0
371,28.9359,23.2062,4.3075,0
372,32.5068,22.5870,3.2126,0
373,32.9563,19.7126,0.7767,0
374,35.9043,17.4626,-0.1406,0
