2,45.5107,-0.2810,9.3302,0
3,49.2907,0.0685,9.1347,0
4,50.2786,2.6864,6.5518,0
5,50.6674,6.3653,7.4329,0
6,48.3957,8.4693,5.2192,0
7,49.9594,11.8076,4.2180,1
8,47.3352,14.3185,3.1015,1
9,45.8246,17.8018,3.0586,1
10,44.3916,19.4861,6.1785,1
11,43.6322,22.9380,7.6028,1
12,45.9936,23.3297,10.5638,1
13,45.6498,26.2423,12.9639,0
14,49.2049,26.8704,14.1825,0
15,48.5738,29.8744,16.4366,0
16,45.3796,31.3986,17.8189,0
17,44.0692,34.4787,16.0187,0
18,45.7687,33.3241,12.8095,0
19,43.9260,32.1336,9.6307,0
20,43.8137,28.3886,9.0543,0
21,46.7688,27.4330,6.8946,0
22,46.1091,24.5460,4.5247,0
23,48.8500,21.9751,5.1626,1
24,50.1565,18.5118,4.3683,1
25,50.0492,16.2113,7.4078,1
26,50.7991,12.6044,8.3663,1
27,47.7072,10.8670,9.7382,1
28,48.8840,7.7340,11.5740,1
29,46.9733,4.4337,11.3570,1
30,44.2645,3.2369,13.8223,1
31,45.4658,2.0047,17.2169,1
32,43.1827,-0.4502,19.0438,1
33,39.5301,0.6113,19.2091,1
34,39.7571,3.5716,16.8413,1
35,38.7558,4.2324,13.2601,1
36,40.3224,6.4053,10.5797,1
37,37.6842,8.3454,8.6663,1
38,37.9252,9.7571,5.1376,1
39,36.1686,13.1049,5.3412,0
40,33.9746,14.0271,2.3990,0
41,32.3687,17.1767,3.8054,0
42,32.6779,19.3713,6.9003,0
43,30.9242,22.5677,7.9355,0
44,31.8681,25.5362,10.1097,0
45,30.2912,26.4028,13.4521,1
46,30.4619,29.2766,15.8823,1
47,32.1448,26.7379,18.1386,1
48,35.1747,26.3987,15.8297,1
49,35.3594,30.1833,15.7334,1
50,35.6685,30.3525,19.5238,1
51,38.7883,28.1894,19.7229,1
52,40.4673,29.9219,16.7949,1
53,39.4930,33.2736,18.3682,0
54,41.8847,32.4072,21.1671,0
55,39.2685,33.4272,23.7254,0
56,38.6592,29.7687,24.5202,0
57,40.3823,29.5500,27.9454,0
58,41.0425,25.8692,27.2419,0
59,42.0376,25.9213,23.5827,0
60,45.4153,24.2668,23.0914,0
61,47.1126,24.8080,19.7158,0
62,48.1466,23.8837,17.0341,0
63,44.8836,22.0882,16.3284,0
64,42.9726,20.5910,13.3911,0
65,39.5393,21.9757,14.3670,0
66,36.0984,21.0358,13.0755,0
67,33.3411,18.7410,14.3175,0
68,30.4601,18.8086,11.7890,0
69,31.6880,16.1429,9.3888,0
70,30.5037,13.1048,7.4061,0
71,32.5764,10.5040,5.5724,1
72,33.5998,6.9336,4.7418,1
73,35.6202,4.6301,6.9811,1
74,39.1126,4.3924,5.5122,1
75,39.9935,1.5892,7.9914,1
76,39.4724,0.2896,11.5483,1
77,41.8285,-0.6135,14.3616,1
78,42.4135,-3.7082,16.4887,1
79,39.3460,-4.8123,18.4186,1
80,36.7057,-2.9395,16.4322,1
81,33.6763,-4.7382,14.9940,1
82,30.7739,-2.3031,14.5794,1
83,32.5528,-0.6476,11.6365,1
84,34.5036,-1.7415,8.5561,1
85,36.3544,-0.0773,5.6666,1
86,33.6444,1.3912,3.4430,1
87,30.9663,2.1840,6.0356,1
88,29.3122,5.6066,5.7770,1
89,29.6835,7.4291,9.1212,0
90,29.4027,10.6570,11.1265,0
91,31.9057,11.4233,13.9074,0
92,30.5145,12.8827,17.1308,0
93,31.8948,15.1641,19.8445,0
94,29.8924,13.4512,22.6121,0
95,30.5167,9.6585,22.5334,0
96,28.3100,6.8666,23.8405,0
97,30.6236,4.2802,25.3652,0
98,27.4421,2.5529,26.4503,0
99,28.6616,1.2821,29.8253,0
100,29.6787,4.2721,31.9729,0
101,27.7590,5.9140,34.8043,0
102,26.2094,8.4090,32.3768,1
103,25.6962,6.1384,29.4111,1
104,23.6783,3.5848,31.4414,1
105,21.2684,6.2528,32.7442,1
106,18.3115,7.4681,30.5813,0
107,18.3775,10.9668,32.0527,0
108,21.4900,12.1532,30.2395,0
109,23.7290,11.7497,27.1631,0
110,27.0180,12.9511,28.6680,0
111,29.4546,10.0293,28.2696,0
112,32.4647,10.6418,30.5107,0
113,34.6553,7.7127,29.4074,0
114,36.8050,9.9655,27.2053,0
115,36.2449,13.4221,28.7645,0
116,39.7779,14.0610,30.0787,0
117,41.7422,12.6347,27.1325,0
118,39.5477,14.3862,24.5342,0
119,40.0457,17.5726,26.5060,0
120,43.8265,17.3976,26.1799,0
121,43.4843,17.0966,22.3842,0
122,44.7736,13.5285,22.4330,0
123,43.3971,10.0809,21.6628,0
124,42.1691,7.7145,24.4304,0
125,45.8208,6.7483,25.0219,0
126,47.1991,10.2562,25.5299,0
127,48.7877,10.5687,22.0827,0
128,47.8758,12.1864,18.7629,0
129,47.7114,10.7449,15.2617,1
130,48.3632,14.1105,13.5904,1
131,52.0229,14.6956,12.7878,1
132,53.1557,17.6189,10.5929,1
133,56.6622,18.6954,9.6720,1
134,57.6956,16.7705,12.7480,1
135,55.4204,18.8072,15.0113,1
136,52.4852,17.3177,16.8958,1
137,49.0794,18.7754,16.0307,1
138,46.4271,18.2056,18.6975,1
139,43.0756,16.6438,17.8164,1
140,39.9908,18.7323,18.5093,1
141,36.6527,17.6211,20.0148,1
142,37.4811,13.9847,19.2515,1
143,36.5972,14.5577,15.5979,1
144,39.0526,16.8653,13.7698,1
145,37.0189,17.0919,10.5575,1
146,39.1562,19.8133,8.8841,1
147,41.3408,17.0113,7.5332,1
148,41.1658,14.7207,4.4862,1
149,41.6691,11.8643,6.9451,1
150,41.0328,11.8581,10.6714,1
151,41.2501,9.3818,13.5227,1
152,38.3759,9.0648,16.0084,1
153,37.7939,6.6173,18.8230,1
154,35.6781,3.4824,18.5315,1
155,32.8027,5.1469,20.3878,1
156,32.6131,8.5012,18.6279,1
157,31.3125,7.0780,15.3464,1
158,27.6762,6.8529,14.3072,1
159,27.2701,4.5944,11.2765,1
160,24.6555,6.0104,8.8878,1
161,22.6169,5.4419,5.7246,1
162,25.1113,5.1574,2.8089,1
163,22.7692,6.8320,0.3208,1
164,22.7630,9.8357,2.6483,1
165,23.8641,13.0699,0.9611,1
166,27.1871,13.2976,2.7693,1
167,27.4837,16.9884,1.9703,1
168,24.3460,17.5807,4.0423,1
169,23.8787,14.9633,6.7536,1
170,27.0906,16.2474,8.3798,1
171,25.0635,19.1472,9.8565,1
172,23.6096,16.5386,12.2132,1
173,26.8549,16.4080,14.1428,1
174,26.0402,19.7255,15.8284,1
175,23.5373,22.5623,15.4155,1
176,20.5625,20.7076,13.9585,1
177,20.4330,17.8086,16.3871,1
178,20.9875,20.0971,19.3736,1
179,18.0319,22.3288,18.5293,1
180,15.7661,19.5042,17.4339,1
181,16.3300,17.6528,20.6956,1
182,16.0758,20.8892,22.6644,1
183,12.4175,20.9959,21.7189,1
184,11.7854,17.2247,21.4573,1
185,13.8835,15.6798,24.2553,1
186,14.6510,18.2092,26.9813,1
187,11.4832,20.3277,26.9273,1
188,9.3195,17.4000,25.7381,1
189,6.9943,20.0666,24.3601,1
190,3.2622,19.3610,24.1894,1
191,0.8491,19.7284,21.2483,1
192,-0.8688,23.0767,21.3617,1
193,1.7384,24.9601,23.3715,1
194,2.9741,28.5158,22.8353,1
195,6.7361,28.9112,22.4313,1
196,9.4043,31.5357,21.9999,1
197,12.8169,31.1639,20.4117,1
198,15.5527,33.7145,21.2071,1
199,18.1807,33.6184,18.4635,1
200,17.3184,32.6878,14.8963,1
201,20.6196,31.2946,13.7297,1
202,21.1723,27.6104,13.0032,1
203,20.4439,26.0779,16.4155,1
204,17.4271,28.3440,16.8122,1
205,16.0053,27.1161,13.4808,1
206,16.2721,23.4781,14.5219,1
207,14.2276,24.3729,17.5988,1
208,11.5208,26.0580,15.5347,1
209,11.5460,22.8695,13.4612,1
210,11.3898,20.7793,16.6222,1
211,8.4753,22.7138,18.0830,1
212,6.6077,22.1526,14.8151,1
213,7.0237,18.3917,14.5091,1
214,6.1987,18.3834,18.2176,1
215,2.9929,20.1401,17.2336,1
216,3.2472,23.5744,18.8689,1
217,0.6766,26.3152,18.2880,1
218,2.4873,29.6464,18.1648,1
219,6.2459,29.7229,17.8256,1
220,7.6679,33.2195,18.2585,1
221,11.0894,33.9466,16.8477,1
222,13.1621,36.7254,18.4035,1
223,16.3844,38.1894,16.9568,1
224,18.2112,41.5046,16.7410,1
225,19.1883,41.0823,13.0937,1
226,15.9576,41.3389,11.0450,1
227,17.3444,39.3751,8.0898,1
228,16.9065,36.1801,10.0960,1
229,13.1268,36.6114,10.1385,1
230,12.2617,35.2691,6.7023,1
231,13.7020,31.7764,7.1279,1
232,12.3578,31.6525,10.7085,1
233,8.7979,32.1858,9.5297,1
234,9.5398,29.7784,6.6871,1
235,10.6350,27.0949,9.1783,1
236,7.5090,27.3675,11.3064,1
237,7.6037,30.6222,13.2641,1
238,4.1704,32.1861,13.2763,1
239,5.6725,35.5637,14.1402,1
240,9.0317,37.2294,14.5701,1
241,9.8481,40.2840,16.6755,1
242,12.9648,42.3071,17.2977,1
243,14.0809,43.2680,20.7958,1
244,15.4855,46.5407,19.4586,1
245,12.0441,47.4431,18.1102,1
246,10.5923,48.4096,21.4977,1
247,11.1996,50.4926,24.6138,1
248,9.8878,47.9176,27.1373,1
249,12.1522,45.0105,28.1557,1
250,11.7486,42.0849,25.7760,1
251,10.2353,39.9174,28.5384,1
252,7.5733,42.5579,29.1552,1
253,6.7581,42.5180,25.4235,1
254,6.4209,38.7321,25.1368,1
255,4.1626,38.5950,28.2053,1
256,1.6444,41.1216,26.8757,1
257,1.5587,39.1563,23.6116,1
258,0.4330,35.9528,25.3442,1
259,-1.4221,37.3406,28.3726,0
260,0.7700,35.5938,30.8869,0
261,3.7573,34.1841,29.1151,0
262,4.9940,31.5228,26.7760,0
263,4.6610,27.9141,27.8611,0
264,8.1875,27.0480,26.7226,1
265,11.1059,29.2922,25.7870,1
266,14.5279,28.4700,24.3633,1
267,17.5898,30.7183,24.4237,1
268,19.8521,29.8377,21.5450,1
269,22.1571,32.8706,21.4874,1
270,24.5389,32.4355,24.4170,1
271,23.9001,35.7857,26.0780,1
272,23.3013,35.6483,29.8213,1
273,21.2082,38.8200,29.7727,1
274,18.8974,37.2682,27.1828,1
275,18.8663,34.0190,29.2171,1
276,17.2220,35.4886,32.3235,1
277,15.1159,37.4675,29.8653,1
278,13.9148,34.2581,28.2638,1
279,13.0987,32.6004,31.5927,1
280,11.1266,35.6088,32.8962,1
281,9.0088,35.5118,29.7371,1
282,7.6285,32.0370,30.5693,1
283,4.1224,31.5551,31.9948,0
284,3.4482,31.6281,35.7340,0
285,2.8563,28.2956,37.3745,0
286,4.2074,26.0347,34.6265,0
287,6.4872,27.9036,32.2330,0
288,9.7231,26.1257,31.2982,0
289,12.9694,27.6195,29.9710,0
290,15.7459,25.8559,28.1149,0
291,19.3100,27.1074,27.7337,0
292,20.7135,25.7301,24.4574,0
293,23.3931,28.3325,23.9332,0
294,26.9062,28.0651,25.3674,0
295,28.2547,31.2379,27.0419,0
296,31.4590,33.0403,27.8234,0
297,33.6144,31.7619,30.6738,0
298,32.6287,33.6658,33.7990,0
299,29.3222,35.0293,32.5190,0
300,26.6170,33.9576,34.9670,0
301,22.8134,33.8794,34.7463,0
302,20.5974,35.2737,37.5035,0
303,17.0523,36.1921,38.5155,0
304,14.8038,36.5852,41.5258,0
305,13.9218,33.1210,43.0028,0
306,10.2531,34.1837,43.0217,0
307,10.3077,33.1824,39.3477,0
308,11.0074,29.5565,40.2912,0
309,8.7075,29.7264,43.3101,0
310,5.8283,30.9435,41.1628,0
311,6.3631,27.8000,39.1202,0
312,9.1767,28.1056,36.5773,0
313,11.6411,25.4049,35.6437,0
314,15.1119,26.3925,34.3432,0
315,16.7619,23.7295,32.1433,0
316,19.7839,23.4582,29.8611,0
317,20.8390,21.0048,27.1108,0
318,23.7993,19.3795,25.3720,1
319,23.4329,17.9416,21.8629,1
320,19.6707,18.2937,22.3760,1
321,19.6686,15.2749,24.6664,1
322,20.3679,12.6194,22.0686,1
323,22.4351,9.6584,23.2043,1
324,24.8131,10.1886,20.2812,1
325,25.5646,6.8408,18.6345,1
326,21.9988,5.5041,18.9448,1
327,20.3339,8.7349,17.8623,1
328,22.3657,10.2211,15.0199,1
329,21.6042,7.2052,12.7764,1
330,17.9024,7.6511,13.4714,1
331,17.9947,11.3988,12.7702,1
332,19.3554,10.5982,9.3085,1
333,16.3171,8.3747,8.6884,1
334,14.0892,11.2194,9.9042,1
335,15.8327,13.3080,7.2225,1
336,15.5795,10.8192,4.3455,1
337,11.9311,10.0813,5.1438,1
338,11.2312,13.8223,4.8521,1
339,10.1646,14.1866,8.4838,1
340,12.8000,16.8379,9.1859,1
341,14.6307,19.4915,7.1546,1
342,18.4247,19.6433,6.6648,1
343,19.3679,21.1625,3.2777,1
344,17.4886,24.2942,4.3096,1
345,20.4120,24.9902,6.6989,1
346,23.2486,25.0754,4.1890,1
347,23.3730,28.6793,3.0337,1
348,26.8581,28.3851,1.4398,0
349,29.1385,25.8163,-0.2058,0
350,32.8995,26.1761,-0.4667,0
351,35.9243,24.2392,-1.5343,0
352,38.5630,23.0800,0.9302,1
353,41.1920,25.5462,-0.2877,1
354,38.9204,28.4828,0.5570,1
355,38.1119,27.1328,4.0263,1
356,38.9264,30.4622,5.7249,1
357,36.1412,32.1098,3.7193,1
358,33.6044,30.1714,5.8249,1
359,34.8187,31.7626,9.0372,1
360,34.4730,35.0100,7.0945,1
361,30.7765,34.8220,6.1760,1
362,30.0423,33.7178,9.7182,1
363,31.3790,36.9794,11.0862,1
364,28.7052,38.7482,9.0294,1
365,25.4667,37.0062,9.9254,1
366,25.0421,35.8189,6.3555,1
367,25.3637,32.1322,7.1077,1
368,23.2621,29.5240,8.8745,1
369,25.7608,26.7622,7.9918,1
370,28.5831,26.9941,5.4933,0
371,29.2611,23.5275,4.1025,0
372,32.7117,22.7610,2.6942,0
373,33.4386,19.9324,0.2575,0
374,36.7572,18.2739,1.1454,0
