2,45.5127,-0.2710,9.2647,0
3,49.2926,0.0782,9.0683,0
4,50.2800,2.6985,6.4876,0
5,50.6695,6.3765,7.3722,0
6,48.3973,8.4829,5.1612,0
7,49.9610,11.8220,4.1628,1
8,47.3368,14.3343,3.0495,1
9,45.8265,17.8178,3.0104,1
10,44.3946,19.4992,6.1325,1
11,43.6360,22.9498,7.5603,1
12,45.9985,23.3384,10.5210,0
13,45.6557,26.2487,12.9239,0
14,49.2113,26.8752,14.1420,0
15,48.5813,29.8772,16.3992,0
16,45.3876,31.4003,17.7841,0
17,44.0770,34.4823,15.9872,0
18,45.7754,33.3306,12.7764,0
19,43.9315,32.1434,9.5971,0
20,43.8186,28.3989,9.0170,0
21,46.7730,27.4452,6.8554,0
22,46.1122,24.5605,4.4830,0
23,48.8529,21.9887,5.1175,0
24,50.1589,18.5260,4.3194,0
25,50.0523,16.2226,7.3568,1
26,50.8022,12.6147,8.3115,1
27,47.7105,10.8763,9.6828,1
28,48.8875,7.7414,11.5152,1
29,46.9764,4.4415,11.2956,1
30,44.2683,3.2426,13.7606,1
31,45.4705,2.0070,17.1536,1
32,43.1878,-0.4494,18.9788,1
33,39.5353,0.6123,19.1463,1
34,39.7619,3.5749,16.7813,1
35,38.7595,4.2392,13.2011,1
36,40.3255,6.4145,10.5223,1
37,37.6869,8.3568,8.6116,1
38,37.9269,9.7719,5.0842,1
39,36.1707,13.1196,5.2916,0
40,33.9759,14.0449,2.3510,0
41,32.3707,17.1934,3.7609,0
42,32.6812,19.3849,6.8579,0
43,30.9281,22.5805,7.8968,0
44,31.8731,25.5468,10.0735,0
45,30.2974,26.4104,13.4172,1
46,30.4691,29.2818,15.8502,1
47,32.1525,26.7408,18.1035,1
48,35.1816,26.4034,15.7933,1
49,35.3666,30.1881,15.7005,1
50,35.6770,30.3536,19.4910,1
51,38.7967,28.1900,19.6871,1
52,40.4749,29.9251,16.7601,1
53,39.5015,33.2754,18.3370,0
54,41.8939,32.4060,21.1343,0
55,39.2786,33.4238,23.6944,0
56,38.6692,29.7647,24.4859,0
57,40.3935,29.5425,27.9103,0
58,41.0530,25.8622,27.2031,0
59,42.0470,25.9178,23.5436,0
60,45.4242,24.2634,23.0497,0
61,47.1206,24.8077,19.6740,0
62,48.1536,23.8859,16.9910,0
63,44.8902,22.0914,16.2847,0
64,42.9781,20.5972,13.3466,0
65,39.5452,21.9814,14.3249,0
66,36.1038,21.0431,13.0336,0
67,33.3467,18.7474,14.2742,0
68,30.4649,18.8177,11.7468,0
69,31.6917,16.1543,9.3436,0
70,30.5064,13.1182,7.3583,0
71,32.5783,10.5189,5.5214,1
72,33.6011,6.9492,4.6870,1
73,35.6219,4.6434,6.9234,1
74,39.1139,4.4067,5.4532,1
75,39.9953,1.6010,7.9294,1
76,39.4751,0.2980,11.4852,1
77,41.8321,-0.6081,14.2969,1
78,42.4174,-3.7049,16.4208,1
79,39.3504,-4.8105,18.3506,1
80,36.7097,-2.9355,16.3669,1
81,33.6796,-4.7325,14.9280,1
82,30.7773,-2.2967,14.5166,1
83,32.5555,-0.6385,11.5747,1
84,34.5052,-1.7296,8.4927,1
85,36.3552,-0.0628,5.6043,1
86,33.6447,1.4081,3.3829,1
87,30.9675,2.1986,5.9772,1
88,29.3137,5.6216,5.7224,1
89,29.6863,7.4409,9.0682,0
90,29.4064,10.6669,11.0768,0
91,31.9104,11.4302,13.8575,0
92,30.5204,12.8867,17.0828,0
93,31.9018,15.1653,19.7982,0
94,29.9001,13.4500,22.5649,0
95,30.5239,9.6572,22.4823,0
96,28.3174,6.8643,23.7874,0
97,30.6312,4.2762,25.3088,0
98,27.4499,2.5482,26.3933,0
99,28.6704,1.2740,29.7667,0
100,29.6884,4.2618,31.9168,0
101,27.7698,5.9012,34.7505,0
102,26.2197,8.3987,32.3258,1
103,25.7053,6.1310,29.3581,1
104,23.6878,3.5756,31.3866,1
105,21.2786,6.2426,32.6928,1
106,18.3212,7.4603,30.5320,0
107,18.3880,10.9576,32.0068,0
108,21.5000,12.1455,30.1937,0
109,23.7380,11.7447,27.1162,0
110,27.0276,12.9442,28.6212,0
111,29.4638,10.0227,28.2192,0
112,32.4747,10.6326,30.4599,0
113,34.6645,7.7044,29.3530,0
114,36.8138,9.9591,27.1525,0
115,36.2546,13.4142,28.7152,0
116,39.7880,14.0514,30.0288,0
117,41.7513,12.6278,27.0807,0
118,39.5561,14.3820,24.4847,0
119,40.0551,17.5665,26.4595,0
120,43.8357,17.3914,26.1319,0
121,43.4923,17.0941,22.3361,0
122,44.7812,13.5258,22.3810,0
123,43.4042,10.0791,21.6079,0
124,42.1768,7.7101,24.3736,0
125,45.8286,6.7430,24.9631,0
126,47.2074,10.2503,25.4741,0
127,48.7949,10.5660,22.0266,0
128,47.8821,12.1870,18.7086,0
129,47.7164,10.7489,15.2061,1
130,48.3681,14.1160,13.5378,1
131,52.0276,14.7015,12.7346,1
132,53.1600,17.6268,10.5423,1
133,56.6663,18.7038,9.6212,1
134,57.7004,16.7758,12.6950,1
135,55.4262,18.8106,14.9610,1
136,52.4914,17.3196,16.8450,1
137,49.0855,18.7785,15.9824,1
138,46.4341,18.2064,18.6495,1
139,43.0821,16.6457,17.7680,1
140,39.9977,18.7339,18.4639,1
141,36.6600,17.6216,19.9694,1
142,37.4878,13.9859,19.2023,1
143,36.6028,14.5625,15.5495,1
144,39.0578,16.8716,13.7229,1
145,37.0231,17.1016,10.5115,1
146,39.1602,19.8243,8.8400,1
147,41.3441,17.0234,7.4858,1
148,41.1678,14.7357,4.4366,1
149,41.6716,11.8769,6.8926,1
150,41.0365,11.8672,10.6190,1
151,41.2544,9.3882,13.4679,1
152,38.3810,9.0690,15.9542,1
153,37.7997,6.6189,18.7666,1
154,35.6834,3.4845,18.4728,1
155,32.8088,5.1474,20.3316,1
156,32.6190,8.5035,18.5750,1
157,31.3172,7.0836,15.2926,1
158,27.6806,6.8599,14.2543,1
159,27.2732,4.6043,11.2216,1
160,24.6580,6.0229,8.8351,1
161,22.6184,5.4578,5.6719,1
162,25.1118,5.1758,2.7551,1
163,22.7691,6.8530,0.2695,1
164,22.7639,9.8545,2.5998,1
165,23.8648,13.0902,0.9154,1
166,27.1885,13.3158,2.7228,1
167,27.4851,17.0074,1.9272,1
168,24.3481,17.5979,4.0009,1
169,23.8815,14.9780,6.7097,1
170,27.0940,16.2602,8.3361,1
171,25.0677,19.1587,9.8163,1
172,23.6143,16.5481,12.1709,1
173,26.8602,16.4152,14.0994,1
174,26.0464,19.7312,15.7884,1
175,23.5437,22.5686,15.3791,1
176,20.5682,20.7157,13.9213,1
177,20.4392,17.8143,16.3471,1
178,20.9948,20.0999,19.3356,1
179,18.0392,22.3327,18.4945,1
180,15.7727,19.5094,17.3971,1
181,16.3376,17.6548,20.6567,1
182,16.0843,20.8893,22.6288,1
183,12.4257,20.9974,21.6845,1
184,11.7931,17.2265,21.4195,1
185,13.8919,15.6787,24.2153,1
186,14.6606,18.2053,26.9435,1
187,11.4930,20.3242,26.8926,1
188,9.3286,17.3979,25.7013,1
189,7.0032,20.0660,24.3265,1
190,3.2710,19.3610,24.1564,1
191,0.8570,19.7315,21.2164,1
192,-0.8605,23.0799,21.3336,1
193,1.7475,24.9611,23.3444,1
194,2.9834,28.5171,22.8113,1
195,6.7454,28.9126,22.4064,1
196,9.4137,31.5372,21.9767,1
197,12.8258,31.1665,20.3871,1
198,15.5621,33.7161,21.1840,1
199,18.1892,33.6224,18.4395,1
200,17.3256,32.6953,14.8717,1
201,20.6263,31.3029,13.7027,1
202,21.1784,27.6193,12.9724,1
203,20.4509,26.0836,16.3835,1
204,17.4345,28.3496,16.7834,1
205,16.0115,27.1251,13.4512,1
206,16.2783,23.4861,14.4887,1
207,14.2349,24.3781,17.5672,1
208,11.5276,26.0655,15.5055,1
209,11.5518,22.8790,13.4289,1
210,11.3963,20.7858,16.5880,1
211,8.4825,22.7191,18.0516,1
212,6.6138,22.1614,14.7837,1
213,7.0293,18.4007,14.4740,1
214,6.2055,18.3889,18.1827,1
215,2.9996,20.1469,17.2015,1
216,3.2547,23.5795,18.8400,1
217,0.6843,26.3211,18.2625,1
218,2.4952,29.6523,18.1420,1
219,6.2538,29.7287,17.8017,1
220,7.6763,33.2247,18.2375,1
221,11.0974,33.9529,16.8263,1
222,13.1709,36.7300,18.3841,1
223,16.3929,38.1950,16.9378,1
224,18.2200,41.5103,16.7246,1
225,19.1958,41.0914,13.0766,1
226,15.9645,41.3503,11.0291,1
227,17.3502,39.3892,8.0717,1
228,16.9125,36.1923,10.0749,1
229,13.1329,36.6239,10.1190,1
230,12.2666,35.2850,6.6818,1
231,13.7066,31.7918,7.1036,1
232,12.3636,31.6646,10.6845,1
233,8.8034,32.1994,9.5074,1
234,9.5441,29.7947,6.6622,1
235,10.6398,27.1086,9.1504,1
236,7.5145,27.3795,11.2798,1
237,7.6102,30.6323,13.2406,1
238,4.1771,32.1965,13.2555,1
239,5.6798,35.5732,14.1221,1
240,9.0394,37.2380,14.5525,1
241,9.8568,40.2906,16.6606,1
242,12.9738,42.3128,17.2838,1
243,14.0912,43.2701,20.7825,1
244,15.4957,46.5440,19.4480,1
245,12.0540,47.4480,18.1015,1
246,10.6033,48.4114,21.4905,1
247,11.2118,50.4913,24.6084,1
248,9.9006,47.9140,27.1297,1
249,12.1650,45.0058,28.1447,1
250,11.7603,42.0825,25.7622,1
251,10.2476,39.9125,28.5231,1
252,7.5862,42.5527,29.1432,1
253,6.7698,42.5165,25.4118,1
254,6.4321,38.7308,25.1215,1
255,4.1748,38.5910,28.1906,1
256,1.6564,41.1192,26.8643,1
257,1.5694,39.1571,23.5983,1
258,0.4439,35.9519,25.3282,1
259,-1.4100,37.3370,28.3585,0
260,0.7827,35.5876,30.8704,0
261,3.7693,34.1793,29.0962,0
262,5.0049,31.5201,26.7542,0
263,4.6719,27.9104,27.8360,0
264,8.1979,27.0450,26.6955,1
265,11.1163,29.2898,25.7611,1
266,14.5378,28.4686,24.3355,1
267,17.5998,30.7165,24.3971,1
268,19.8612,29.8385,21.5168,1
269,22.1665,32.8713,21.4614,1
270,24.5492,32.4331,24.3899,1
271,23.9113,35.7817,26.0542,1
272,23.3137,35.6407,29.7976,1
273,21.2209,38.8127,29.7527,1
274,18.9091,37.2637,27.1621,1
275,18.8783,34.0125,29.1933,1
276,17.2352,35.4793,32.3016,1
277,15.1285,37.4607,29.8460,1
278,13.9265,34.2530,28.2417,1
279,13.1113,32.5922,31.5694,1
280,11.1400,35.5996,32.8764,1
281,9.0211,35.5058,29.7179,1
282,7.6408,32.0303,30.5471,1
283,4.1350,31.5474,31.9733,0
284,3.4620,31.6169,35.7128,0
285,2.8703,28.2829,37.3502,0
286,4.2202,26.0245,34.5996,0
287,6.4995,27.8955,32.2072,0
288,9.7349,26.1181,31.2697,0
289,12.9810,27.6129,29.9428,0
290,15.7567,25.8508,28.0842,0
291,19.3208,27.1023,27.7031,0
292,20.7231,25.7280,24.4249,0
293,23.4028,28.3307,23.9024,0
294,26.9163,28.0615,25.3352,0
295,28.2657,31.2325,27.0124,0
296,31.4704,33.0338,27.7946,0
297,33.6266,31.7524,30.6430,0
298,32.6422,33.6534,33.7704,0
299,29.3353,35.0185,32.4928,0
300,26.6308,33.9447,34.9407,0
301,22.8271,33.8672,34.7211,0
302,20.6121,35.2590,37.4803,0
303,17.0675,36.1768,38.4943,0
304,14.8200,36.5672,41.5057,0
305,13.9381,33.1017,42.9797,0
306,10.2695,34.1648,43.0008,0
307,10.3229,33.1670,39.3258,0
308,11.0224,29.5401,40.2656,0
309,8.7235,29.7074,43.2854,0
310,5.8438,30.9268,41.1401,0
311,6.3776,27.7852,39.0943,0
312,9.1904,28.0930,36.5508,0
313,11.6542,25.3929,35.6139,0
314,15.1247,26.3814,34.3132,0
315,16.7738,23.7204,32.1102,0
316,19.7949,23.4510,29.8268,0
317,20.8489,21.0001,27.0738,0
318,23.8085,19.3762,25.3325,1
319,23.4409,17.9418,21.8221,1
320,19.6788,18.2937,22.3367,1
321,19.6771,15.2727,24.6241,1
322,20.3753,12.6196,22.0236,1
323,22.4426,9.6574,23.1558,1
324,24.8197,10.1901,20.2324,1
325,25.5704,6.8439,18.5822,1
326,22.0044,5.5072,18.8924,1
327,20.3396,8.7392,17.8136,1
328,22.3706,10.2279,14.9719,1
329,21.6080,7.2143,12.7257,1
330,17.9065,7.6599,13.4224,1
331,17.9990,11.4083,12.7248,1
332,19.3585,10.6109,9.2618,1
333,16.3198,8.3883,8.6406,1
334,14.0925,11.2320,9.8599,1
335,15.8354,13.3231,7.1797,1
336,15.5811,10.8371,4.3003,1
337,11.9329,10.0988,5.0990,1
338,11.2333,13.8402,4.8112,1
339,10.1679,14.2011,8.4436,1
340,12.8038,16.8514,9.1474,1
341,14.6341,19.5068,7.1181,1
342,18.4279,19.6587,6.6272,1
343,19.3702,21.1811,3.2413,1
344,17.4916,24.3119,4.2769,1
345,20.4158,25.0053,6.6658,1
346,23.2516,25.0926,4.1551,1
347,23.3760,28.6977,3.0033,1
348,26.8605,28.4046,1.4080,0
349,29.1402,25.8372,-0.2408,0
350,32.9011,26.1969,-0.5026,0
351,35.9254,24.2607,-1.5730,0
352,38.5647,23.0988,0.8895,1
353,41.1936,25.5659,-0.3269,1
354,38.9226,28.5019,0.5214,1
355,38.1151,27.1486,3.9896,1
356,38.9305,30.4763,5.6912,1
357,36.1448,32.1261,3.6881,1
358,33.6085,30.1860,5.7926,1
359,34.8240,31.7739,9.0061,1
360,34.4780,35.0233,7.0666,1
361,30.7811,34.8365,6.1491,1
362,30.0480,33.7290,9.6905,1
363,31.3855,36.9891,11.0612,1
364,28.7112,38.7602,9.0070,1
365,25.4728,37.0177,9.9024,1
366,25.0469,35.8339,6.3314,1
367,25.3683,32.1464,7.0799,1
368,23.2671,29.5367,8.8449,1
369,25.7652,26.7755,7.9588,1
370,28.5867,27.0095,5.4596,0
371,29.2639,23.5442,4.0652,0
372,32.7140,22.7787,2.6550,0
373,33.4398,19.9524,0.2154,0
374,36.7585,18.2926,1.1006,0
