0,46.1555,1.3826,-0.6459,0
1,46.3714,3.3424,2.6244,0
2,45.3864,0.8162,5.2858,0
3,48.1869,0.5704,7.7827,0
4,50.1306,3.6180,6.5496,0
5,50.3831,7.2653,7.4435,0
6,48.2537,9.3761,5.0500,0
7,49.6516,12.8319,4.2162,1
8,46.7132,15.1114,3.3020,1
9,45.5031,18.7080,3.7643,1
10,43.8405,19.9602,6.9313,1
11,42.9711,23.3855,8.3771,1
12,45.2466,23.8921,11.4284,0
13,44.5633,26.6362,13.9314,0
14,48.0391,27.5368,15.2010,0
15,46.8981,30.4094,17.4318,0
16,43.8381,32.0688,18.7173,0
17,42.1104,34.6867,16.6915,0
18,44.1222,33.7950,13.5739,0
19,42.9203,32.4820,10.1498,0
20,43.0104,28.7364,9.6965,0
21,46.1528,27.6564,7.8382,0
22,45.4387,25.0662,5.1678,0
23,48.3899,22.7214,5.1391,0
24,49.7093,19.2348,4.8763,0
25,49.5035,17.0203,7.8932,1
26,50.2522,13.3239,8.5589,1
27,47.4426,11.1980,9.8467,1
28,48.6033,8.0640,11.5941,1
29,46.8175,4.7608,11.0661,1
30,44.1284,3.7213,13.5802,1
31,45.0200,1.7838,16.7419,1
32,42.6824,-0.7985,18.3111,1
33,39.0902,0.3986,18.3963,1
34,39.7787,3.5669,16.3563,1
35,38.3979,4.2326,12.8537,1
36,40.0496,6.3956,10.1545,1
37,37.5309,8.3627,8.0703,1
38,37.7513,10.1461,4.7177,1
39,35.7541,13.3399,5.1655,0
40,33.1642,14.1462,2.5383,0
41,31.3347,17.1796,3.9720,0
42,31.6410,19.2531,7.1917,0
43,29.4263,22.1316,8.4486,0
44,30.6560,25.3102,10.0682,0
45,29.0632,25.4370,13.5339,1
46,29.3824,28.5582,15.7763,1
47,31.1930,26.2972,18.3544,1
48,34.1675,25.9898,15.9131,1
49,34.3521,29.8472,15.7996,1
50,34.2628,29.8159,19.6482,1
51,37.6189,27.9431,19.5412,1
52,39.1199,30.6302,17.2862,1
53,37.9446,33.3836,19.5479,0
54,38.9733,31.7322,22.8722,0
55,35.3172,31.5073,24.1105,0
56,35.5788,27.6921,24.1060,0
57,38.9711,26.6690,25.4649,0
59,40.6519,23.5756,24.0666,0
60,44.4855,22.9611,23.6264,0
61,46.1180,24.6928,20.5612,0
62,47.4503,24.0294,17.8395,0
63,44.3320,21.9975,16.9539,0
64,42.3948,20.7283,13.9395,0
65,38.8761,21.9123,14.8260,0
66,35.5536,20.8006,13.1731,0
67,32.9590,18.4414,14.6021,0
68,29.7087,18.5751,12.4691,0
69,30.4801,16.2295,9.5284,0
70,30.0195,12.9874,7.5694,0
71,32.4540,10.8192,5.6412,1
72,33.3204,7.2310,4.6854,1
73,35.3789,4.7596,6.7317,1
74,38.8075,4.2467,5.0365,1
75,40.1108,1.7340,7.6344,1
76,39.3201,0.3285,11.0993,1
77,41.7325,-0.5100,13.9006,1
78,41.7373,-3.9434,15.6408,1
79,38.6566,-4.8720,17.6801,1
80,36.1643,-2.5516,15.8099,1
81,32.8424,-4.2989,15.2322,1
82,30.3572,-1.5390,14.6229,1
83,31.6721,-0.1187,11.3074,1
84,33.5199,-1.5274,8.3433,1
85,35.5236,0.1720,5.5309,1
86,33.2497,1.7507,2.9879,1
87,30.5135,2.5719,5.6442,1
88,29.0203,6.0682,5.6211,1
89,29.4378,7.5076,9.1546,0
90,28.9116,10.6217,11.2722,0
91,31.6072,11.3382,13.9713,0
92,30.0402,12.0551,17.4059,0
93,31.4098,14.9779,19.4482,0
94,29.4520,13.5688,22.4828,0
95,30.5020,9.8404,22.7028,0
96,28.2553,7.0235,23.7915,0
97,30.5778,4.5659,25.6250,0
98,27.5819,2.4556,26.7250,0
99,29.3081,1.5723,30.0592,0
100,29.2791,4.7060,32.3091,0
101,26.6482,5.8639,34.8227,0
102,25.2483,8.4120,32.2884,1
103,25.0841,6.0086,29.3444,1
104,23.1604,3.4555,31.5505,1
105,20.7387,6.2045,32.8015,1
106,17.5204,6.3435,30.6737,0
107,17.6257,10.1302,30.3069,0
108,21.2045,11.3481,30.4089,0
109,23.3500,11.6185,27.2645,0
110,26.5432,13.5370,28.3735,0
111,28.8183,10.4494,28.4430,0
112,31.6271,10.5776,30.9278,0
113,34.2727,9.8677,28.2201,0
114,33.5334,13.2738,26.6146,0
115,36.4382,15.6546,25.9961,0
116,34.2378,18.7710,26.3879,0
117,34.2244,19.4773,30.1587,0
118,38.0511,19.1362,30.7913,0
119,39.4752,19.2091,27.1618,0
120,42.7366,17.3254,26.5943,0
121,42.5325,17.5195,22.8063,0
122,43.6827,13.8466,22.4408,0
123,42.2903,10.4791,21.4985,0
124,40.8855,8.3600,24.3529,0
125,44.4017,6.9996,24.9664,0
126,45.9906,10.3774,25.5695,0
127,47.8722,10.6177,22.2260,0
128,47.3966,12.3971,18.8822,0
129,47.1699,11.1211,15.3706,1
130,48.1232,14.3835,13.6658,1
131,51.6066,15.7804,12.9133,1
132,52.1916,18.9839,10.9288,1
133,55.7156,20.4602,10.3685,1
134,57.0795,17.7579,12.7066,1
135,54.9772,19.1088,15.6386,1
136,52.0473,17.0352,17.1249,1
137,48.6351,18.7584,16.6067,1
138,45.6896,18.4050,19.0044,1
139,42.3236,16.7713,18.2745,1
140,38.9797,18.6485,18.9846,1
141,36.4246,16.7147,20.9516,1
142,37.5515,13.3782,19.4738,1
143,36.3227,14.4461,15.9698,1
144,38.5628,17.0737,14.2222,1
145,36.6729,17.2078,10.9214,1
146,38.4578,20.1401,9.1646,1
147,40.8424,17.5997,7.6054,1
148,40.5598,15.3154,4.5548,1
149,41.1111,12.3952,6.9233,1
150,40.6110,12.0020,10.6302,1
151,40.7940,9.2382,13.2360,1
152,38.1273,8.7569,15.8850,1
153,37.4623,6.2150,18.5719,1
154,34.6468,3.7254,18.0148,1
155,32.4957,5.1470,20.8105,1
156,32.5295,8.4916,18.8375,1
157,31.2651,7.2091,15.4811,1
158,27.8190,6.0518,14.2347,1
159,27.1736,4.1328,11.0134,1
160,24.3492,5.6107,8.9510,1
161,22.2388,4.6373,5.9806,1
162,24.3968,3.8637,2.8497,1
163,22.0486,5.9180,0.7222,1
164,22.4019,9.0615,2.8948,1
165,23.2853,12.3443,1.1347,1
166,26.4328,13.1888,3.2049,1
167,26.5271,16.8412,2.1811,1
168,23.1706,17.1916,3.8986,1
169,23.1062,14.7172,6.8152,1
170,26.3845,16.1204,8.2597,1
171,24.0639,18.6544,10.0622,1
172,22.6878,15.7051,12.1060,1
173,26.2412,15.4653,13.5233,1
174,25.4262,18.6353,15.5085,1
175,23.2634,21.6594,14.5886,1
176,20.0241,19.9726,13.5954,1
177,19.8704,17.2514,16.2786,1
178,20.8062,19.7742,18.9161,1
179,18.0432,22.2370,18.0676,1
180,15.3698,19.5933,17.2842,1
181,16.0991,17.5587,20.4213,1
182,16.1902,20.6793,22.6977,1
183,12.4653,21.2050,21.8024,1
184,11.0497,17.6547,21.6442,1
185,13.2114,15.7531,24.0767,1
186,14.6817,18.3147,26.5246,1
187,11.9219,20.9030,26.9721,1
188,9.1389,18.4584,25.7862,1
189,7.1268,21.2183,24.0480,1
190,3.4059,20.4675,24.3143,1
191,0.6811,20.7088,21.6707,1
192,-0.8748,24.2367,21.7504,1
193,1.9856,26.0731,23.5999,1
194,3.6518,29.4530,23.0273,1
195,7.4641,29.1724,22.5649,1
196,10.1455,31.9068,22.3282,1
197,13.5310,31.1546,20.5979,1
198,16.5383,33.5316,21.1719,1
199,18.9034,33.3076,18.2538,1
200,17.9909,32.2986,14.6819,1
201,21.1317,30.6808,13.3878,1
202,21.3701,27.0130,12.3171,1
203,20.7045,25.5884,15.7806,1
204,17.8881,28.1545,16.6138,1
205,16.0678,27.3751,13.2897,1
206,16.2781,23.6778,14.2510,1
207,14.6827,24.4976,17.6374,1
208,11.7871,26.2010,15.6996,1
209,11.5034,23.0701,13.5773,1
210,11.2467,20.9023,16.7329,1
211,8.6166,23.2120,18.3151,1
212,6.4760,23.1013,15.1073,1
213,6.7313,19.3271,15.1118,1
214,5.6325,19.1575,18.8358,1
215,2.5194,21.1567,17.8439,1
216,3.2965,24.5670,19.4433,1
217,0.5469,27.1149,18.5829,1
218,2.8039,30.1673,18.5862,1
219,6.5892,30.3854,18.0054,1
220,8.2606,33.7827,18.4599,1
221,11.7854,34.0727,16.9789,1
222,14.0884,36.6720,18.5806,1
223,17.2883,37.9605,16.7948,1
224,19.0902,41.2844,16.3909,1
225,19.7450,40.4748,12.7011,1
226,16.4343,41.0372,11.0588,1
227,17.7400,39.3664,7.8793,1
228,17.2867,36.0138,9.7234,1
229,13.5226,36.5277,10.0170,1
230,12.3306,35.3848,6.5479,1
231,14.0147,32.0380,7.0157,1
232,12.6043,31.7731,10.5754,1
233,9.0263,32.2559,9.3518,1
234,9.6844,29.7065,6.5817,1
235,10.5879,26.8989,8.9578,1
236,7.8056,27.6497,11.5198,1
237,8.0800,30.9935,13.3780,1
238,4.7112,32.6523,13.7310,1
239,6.3064,36.0792,14.4251,1
240,9.8089,37.5217,14.9077,1
241,11.0010,40.3443,17.2162,1
242,14.1973,42.3793,17.0121,1
243,15.1932,43.6359,20.5323,1
244,16.5995,46.8235,18.9336,1
245,13.2043,48.0826,17.8267,1
246,11.9241,48.5097,21.3457,1
247,12.4192,50.9293,24.0632,1
248,11.4948,48.4236,26.7958,1
249,13.4877,45.2472,27.6930,1
250,12.5758,42.2978,25.5468,1
251,11.4040,40.0273,28.4193,1
252,8.6977,42.7081,29.0390,1
253,7.5953,42.7068,25.4099,1
254,7.5288,38.9182,25.3739,1
255,5.5962,38.7364,28.6281,1
256,2.9968,41.2782,27.3104,1
257,2.7396,39.4210,23.9268,1
258,2.0723,36.0027,25.4709,1
259,-0.1465,37.4187,28.1953,0
260,2.0448,36.9066,31.1375,0
261,4.8466,34.5813,29.8501,0
262,5.6135,31.9359,27.2825,0
263,5.3239,28.1860,28.0865,0
264,8.8024,27.3616,26.6846,1
265,11.8586,29.6004,25.9659,1
266,15.2560,28.5824,24.4517,1
267,18.5149,30.4920,24.5530,1
268,20.4400,29.5837,21.3871,1
269,23.1502,32.3263,21.1896,1
270,25.5343,31.7326,24.0897,1
271,25.4133,35.0745,26.0130,1
272,25.0068,35.3890,29.7951,1
273,22.4910,38.2498,29.5636,1
274,20.1388,36.5118,27.0874,1
275,20.1884,33.3019,29.1988,1
276,18.7104,35.3104,32.1263,1
277,16.3003,37.1201,29.7047,1
278,15.1352,33.7960,28.2105,1
279,14.3773,32.4919,31.7645,1
280,12.5081,35.5978,32.7789,1
281,10.1301,35.6715,29.8079,1
282,8.6390,32.1839,30.5183,1
283,5.5241,32.0032,32.7291,0
284,6.5998,32.2194,36.3910,0
285,4.5582,29.3371,37.7897,0
286,5.0054,26.7132,35.1066,0
287,7.3852,28.0535,32.4030,0
288,10.3925,25.9807,31.2604,0
289,13.5752,27.6342,29.8424,0
290,16.3456,25.6285,28.1228,0
291,19.9399,26.9044,27.6138,0
292,21.4642,25.6231,24.3311,0
293,24.0904,28.3779,23.6722,0
294,27.7429,27.7477,24.8002,0
295,28.6924,30.4956,27.3556,0
296,32.2413,32.1443,27.4203,0
297,34.7473,30.1061,29.3605,0
298,34.7903,30.5158,33.0856,0
299,32.3277,33.4871,33.3183,0
300,29.4383,33.6262,35.7780,0
301,26.0015,34.9662,35.3289,0
302,23.9962,36.7358,38.0491,0
303,20.2866,36.1422,38.6543,0
304,17.6239,36.3779,41.2541,0
305,16.4918,32.9162,42.5841,0
306,12.8671,34.0722,43.0681,0
307,12.6191,33.5540,39.3011,0
308,12.7962,29.8495,40.1012,0
309,10.9570,29.7974,43.4849,0
310,7.6298,30.7118,41.8493,0
311,7.7415,27.4328,39.8739,0
312,9.9651,27.9637,36.7409,0
313,12.1736,25.1231,35.4439,0
314,15.6700,25.9669,34.0546,0
315,17.7370,23.3461,32.3079,0
316,20.4529,22.9847,29.6395,0
317,21.6977,20.1058,27.4651,0
318,24.3907,19.0233,25.0428,1
319,23.2943,17.6551,21.5992,1
320,19.6037,18.0417,22.1962,1
321,19.5723,15.3594,24.9930,1
322,20.1145,12.5423,22.4064,1
323,22.2543,9.4910,23.3352,1
324,24.4395,10.0637,20.2270,1
325,25.1967,6.5846,18.8996,1
326,21.6238,5.3549,19.4827,1
327,19.9935,8.4197,17.9702,1
328,22.0408,9.5754,15.0031,1
329,21.1845,6.4103,12.8622,1
330,17.4449,6.8086,13.6440,1
331,17.5453,10.5871,12.8262,1
332,19.1929,9.8987,9.4149,1
333,16.4860,7.2499,8.7644,1
334,13.7540,9.7925,9.5201,1
335,15.4375,12.3148,7.1869,1
336,15.3482,9.6171,4.5164,1
337,11.6464,9.0546,5.1286,1
338,11.1456,12.8230,4.7951,1
339,10.0336,13.4193,8.4378,1
340,11.9712,16.7634,8.5165,1
341,13.8860,18.9244,6.0325,1
342,17.5607,19.9550,6.2510,1
343,17.6521,22.1416,3.1347,1
344,16.2904,25.4124,4.6693,1
345,19.4336,25.4960,6.9347,1
346,22.0597,25.3419,4.1178,1
347,22.7492,28.6864,2.6618,1
348,26.2398,28.2170,1.1009,0
349,28.3194,25.2636,-0.0306,0
350,32.1110,25.9258,-0.5185,0
351,35.2334,23.7681,-1.1035,0
352,37.1758,23.0142,1.9957,1
353,39.9675,25.2440,0.7367,1
354,37.6699,28.2127,1.1792,1
355,37.1855,27.5216,4.9922,1
356,38.2382,31.0566,6.0269,1
357,35.6619,32.5932,3.6605,1
358,33.0135,30.2506,5.2432,1
359,33.8911,31.5702,8.7098,1
360,33.6711,35.2183,7.5386,1
361,30.2014,34.4917,6.1889,1
362,29.1704,33.2625,9.6527,1
363,30.7933,36.1650,11.4301,1
364,29.2084,38.7417,9.0760,1
365,25.7702,37.1990,9.5718,1
366,25.3004,36.3083,5.8959,1
367,25.0262,32.4993,6.2819,1
368,23.0079,30.1014,8.3645,1
369,24.9915,26.8784,7.6587,1
370,27.8707,26.6613,5.1319,0
371,28.8339,23.0928,4.1875,0
372,32.4515,22.5765,3.1322,0
373,33.1482,19.8165,0.5823,0
374,36.3266,17.8133,0.1825,0
