0,45.3072,1.2772,-0.8253,0
1,46.6176,3.2244,2.2317,0
2,45.4145,1.3517,5.2717,0
3,48.2776,0.1436,7.4313,0
4,50.7289,2.8036,6.5427,0
5,50.4091,6.4843,7.2140,0
6,48.5254,8.9124,4.9853,0
7,49.8198,12.4058,4.2876,1
8,46.9266,14.7865,3.4949,1
9,45.7450,18.4075,4.0533,1
10,43.8976,20.0953,6.9513,1
11,43.0300,23.6374,8.2047,1
12,45.1750,23.9890,11.3839,1
13,44.5429,26.5559,14.1241,0
14,47.8206,27.6832,15.6338,0
15,46.9074,30.9665,17.4407,0
16,43.6326,32.1756,18.9873,0
17,42.2385,35.0819,16.9305,0
18,44.3167,33.9823,14.0117,0
19,43.2530,32.5447,10.6139,0
20,43.3828,28.9348,9.4173,0
21,46.4118,27.3004,7.9595,0
22,45.4960,24.6804,5.2706,0
23,48.6834,22.4928,5.6275,1
24,50.1017,19.0941,4.8340,1
25,49.8820,16.8153,7.9123,1
26,50.6000,13.1380,8.6728,1
27,47.6257,11.1699,9.9624,1
28,48.7847,7.9987,11.6534,1
29,47.2385,4.4546,11.6664,1
30,44.0453,3.4141,13.4594,1
31,44.7219,1.8581,16.8637,1
32,42.4998,-0.9124,18.3077,1
33,38.8652,0.1234,18.7537,1
34,39.3870,3.2971,16.6583,1
35,38.7409,4.1276,12.9676,1
36,40.1871,6.3473,10.1896,1
37,37.5237,8.2071,8.2240,1
38,37.8172,10.0438,4.8857,1
39,35.6747,13.1637,4.7649,0
40,33.1913,14.2167,2.1138,0
41,31.5427,17.2575,3.7234,0
42,31.9197,19.3080,6.9850,0
43,29.8640,22.1773,8.3967,0
44,31.1632,25.3497,10.0227,0
45,29.3466,25.5382,13.4794,1
46,29.6276,28.5807,15.8814,1
47,31.1229,26.1457,18.5934,1
48,34.2432,25.9179,16.2756,1
49,34.1877,29.7127,16.1679,1
50,34.3458,29.7797,19.9831,1
51,37.7843,28.3606,20.0644,1
52,39.2841,30.7446,17.4140,1
53,37.9537,33.7369,19.4867,0
54,38.9660,32.5948,22.9827,0
55,35.4327,31.8207,24.2897,0
56,36.2720,28.1170,24.4679,0
57,39.5362,27.1080,26.0844,0
59,41.2738,24.1151,24.4155,0
60,44.9878,23.1349,23.9961,0
61,46.6484,24.5417,20.9248,0
62,47.6324,23.9522,18.0700,0
63,44.3144,22.3138,17.2815,0
64,42.2313,21.1186,14.3480,0
65,38.5818,21.7551,14.9984,0
66,35.3464,20.6145,13.1880,0
67,32.5318,18.1740,14.2683,0
68,29.3848,18.3365,12.1338,0
69,30.4662,16.0377,9.3049,0
70,30.2222,13.0493,7.1093,0
71,32.6086,10.6042,5.4964,1
72,33.5144,7.0802,4.4832,1
73,35.5004,4.4692,6.4754,1
74,38.9444,3.7595,5.1094,1
75,40.2158,1.3054,7.8509,1
76,39.0775,-0.2469,11.2106,1
77,41.3567,-1.0141,14.2467,1
78,41.4412,-4.5209,15.8589,1
79,38.0315,-5.6240,17.2314,1
80,36.1691,-2.6823,15.7304,1
81,32.7952,-4.2963,15.0446,1
82,30.1304,-1.6266,14.3988,1
83,31.4237,-0.2530,11.1149,1
84,33.7571,-1.6816,8.4616,1
85,35.7225,-0.1910,5.4484,1
86,33.5905,1.3342,2.7062,1
87,30.8035,2.2378,5.2789,1
88,29.2281,5.6254,5.6663,1
89,29.5232,7.3771,9.0161,0
90,28.7927,10.5690,10.8512,0
91,31.3652,11.2927,13.6377,0
92,29.6234,11.9720,17.0514,0
93,30.8224,15.0781,19.0807,0
94,29.8872,13.2306,22.3966,0
95,30.1946,9.4131,22.5470,0
96,27.9943,6.6848,23.9743,0
97,30.6611,4.5363,25.6676,0
98,28.0136,2.0063,26.7080,0
99,29.3743,1.3715,30.2138,0
100,29.2490,4.5636,32.3121,0
101,26.6220,5.8776,34.9133,0
102,25.3952,8.6068,32.4674,1
103,25.1753,6.1413,29.5775,1
104,23.1804,3.6164,31.5494,1
105,20.5585,6.2000,32.4798,1
106,17.8037,6.1736,29.7078,0
107,17.5279,9.9126,30.4335,0
108,21.2402,11.1624,30.2362,0
109,23.6618,11.7209,27.2714,0
110,26.9055,13.4162,28.4584,0
111,29.0673,10.2506,28.4452,0
112,32.1781,10.2348,30.5577,0
113,34.5095,10.0285,27.5994,0
114,33.5123,13.5169,26.2519,0
115,36.1444,16.3171,25.9267,0
116,33.7135,19.2035,26.7488,0
117,33.8730,19.4795,30.5302,0
118,37.6660,19.7866,30.7406,0
119,39.4240,19.4935,27.3734,0
120,42.3059,17.0157,27.0228,0
121,42.9320,17.5348,23.2955,0
122,43.5140,13.8064,22.6640,0
123,41.5564,10.5494,21.7823,0
124,40.2960,8.3054,24.6146,0
125,43.4458,6.1888,24.5492,0
126,45.5263,9.0606,25.8153,0
127,47.1490,10.1702,22.5265,0
128,47.1579,12.3132,19.4545,0
129,47.4842,11.1883,15.8036,1
130,48.3869,14.3083,13.9448,1
131,51.8380,15.7592,13.2219,1
132,52.3345,18.7478,10.9912,1
133,55.9522,20.0479,10.5183,1
134,57.0794,17.5306,13.2197,1
135,54.9023,19.2906,15.8435,1
136,52.0010,17.0434,16.9184,1
137,48.4467,18.4746,16.6553,1
138,45.5605,18.2923,19.0633,1
139,42.1782,16.6733,18.4434,1
140,38.9247,18.8677,18.7951,1
141,36.1118,17.4294,20.7824,1
142,37.2964,13.9980,19.6863,1
143,36.2904,14.4241,16.0807,1
144,38.7000,16.9005,14.3626,1
145,36.8634,16.8879,11.1168,1
146,38.4148,19.9026,9.2984,1
147,40.8241,17.5048,7.6396,1
148,40.9500,15.2385,4.6672,1
149,41.2429,12.2229,7.0324,1
150,40.6493,11.6421,10.7849,1
151,41.0276,8.9431,13.4009,1
152,38.0769,8.8612,15.9086,1
153,37.1921,6.1108,18.4509,1
154,34.7435,3.2562,17.7523,1
155,32.2627,4.5285,20.3915,1
156,32.0596,7.9482,18.8294,1
157,31.4251,7.0566,15.2771,1
158,27.8251,6.4551,14.1377,1
159,27.0775,4.4490,11.0535,1
160,24.2706,5.6479,8.7083,1
161,22.1122,4.4880,5.7672,1
162,24.5024,3.8011,2.8910,1
163,22.0331,5.6379,0.6497,1
164,22.2469,8.9482,2.5904,1
165,23.2813,12.3182,0.8847,1
166,26.5704,13.0083,2.7590,1
167,26.4278,16.6259,1.8795,1
168,23.1024,17.2164,3.6032,1
169,22.8600,14.5707,6.2481,1
170,26.0580,16.0682,7.7966,1
171,24.0990,18.7539,9.7747,1
172,22.6044,15.8425,11.7667,1
173,25.9293,15.7348,13.7055,1
174,25.1581,19.0182,15.6594,1
175,23.0137,21.6367,13.7161,1
176,19.7728,19.7764,13.6470,1
177,20.0143,17.1010,16.3461,1
178,20.8210,19.7461,18.8883,1
179,18.0109,22.2875,18.1644,1
180,15.3228,19.7449,17.2734,1
181,16.2006,17.4961,20.2544,1
182,16.0478,20.6208,22.5094,1
183,12.3626,21.1203,21.7044,1
184,11.2187,17.5844,21.0882,1
185,13.3847,15.7606,23.6384,1
186,14.6680,18.1068,26.3405,1
187,12.0736,20.8040,26.9123,1
188,9.2924,18.2333,26.3566,1
189,7.2303,20.8016,24.3019,1
190,3.5104,20.2538,24.5367,1
191,0.8656,20.5564,21.7607,1
192,-0.6437,23.8851,22.6506,1
193,2.6037,25.5915,23.7266,1
194,3.8288,29.1131,23.3184,1
195,7.5916,29.1226,22.7993,1
196,10.1228,31.9268,22.4594,1
197,13.4311,30.9573,20.6652,1
198,16.3229,33.4611,21.0726,1
199,18.8283,33.1803,18.2155,1
200,18.2345,32.4132,14.5356,1
201,21.1855,30.4209,13.2669,1
202,21.2653,26.7927,11.9530,1
203,21.1057,25.2220,15.5364,1
204,18.2311,27.5531,16.6059,1
205,16.2033,27.2147,13.3835,1
206,16.1725,23.4476,14.0687,1
207,14.6112,24.2565,17.5378,1
208,11.9690,26.4293,15.7117,1
209,11.2810,23.4191,13.4170,1
210,11.2004,21.2014,16.5444,1
211,8.7423,23.4297,18.4047,1
212,6.4239,23.3805,15.3146,1
213,6.9296,19.6671,15.1465,1
214,5.7265,19.1680,18.7078,1
215,2.5196,21.2247,18.0067,1
216,3.2171,24.7540,19.2659,1
217,0.4098,27.3328,19.2460,1
218,2.7287,30.4121,19.0220,1
219,6.4752,30.2997,18.1176,1
220,7.9575,33.7907,18.7322,1
221,11.5328,33.9233,17.2509,1
222,13.8542,36.7203,18.4746,1
223,17.0003,38.1354,16.6406,1
224,19.0122,41.3244,15.8425,1
225,19.7651,40.6045,12.1579,1
226,16.4206,40.8749,10.4041,1
227,17.2394,38.7630,7.2486,1
228,16.9835,35.8215,9.6361,1
229,13.2094,36.3210,10.1216,1
230,12.0690,35.2417,6.6506,1
231,13.6416,31.7667,6.7731,1
232,12.3315,31.2216,10.3847,1
233,8.8256,32.2099,9.3374,1
234,9.1246,29.6960,6.5450,1
235,9.9822,26.8845,8.9813,1
236,7.2843,27.2257,11.6811,1
237,7.4251,30.7988,13.1335,1
238,4.0915,32.4860,14.0272,1
239,5.7838,35.8597,14.8001,1
240,9.3043,37.3137,14.6008,1
241,10.5058,40.2317,16.8109,1
242,13.7324,42.1622,16.5490,1
243,14.4578,43.5787,20.0144,1
244,15.9730,46.7557,18.5999,1
245,12.5669,48.3227,17.8329,1
246,11.7411,48.7170,21.4847,1
247,11.8383,51.1774,24.3238,1
248,11.0734,48.5740,26.9861,1
249,13.4601,45.5683,27.2176,1
250,12.4239,42.5215,25.2735,1
251,11.5041,40.4482,28.5263,1
252,8.7872,43.0003,29.0610,1
253,7.6189,43.1270,25.4470,1
254,7.4961,39.2808,25.3785,1
255,5.6896,39.1055,28.7059,1
256,2.9390,41.4586,27.7312,1
257,2.2358,39.5451,24.4555,1
258,1.8180,36.1038,26.0183,1
259,0.0801,36.8341,29.3871,0
260,3.1283,37.1348,31.4625,0
261,5.3968,34.6126,29.9156,0
262,5.7733,32.1003,27.1967,0
263,5.4163,28.3503,27.8927,0
264,9.0434,27.5000,26.8488,1
265,12.0966,29.8262,26.2621,1
266,15.2491,28.7203,24.3337,1
267,18.5662,30.6306,24.0244,1
268,20.5625,29.5153,20.9690,1
269,23.1487,32.3110,20.7814,1
270,25.2762,31.6864,23.8736,1
271,25.7351,34.9459,25.8539,1
272,25.3954,35.8106,29.4655,1
273,22.5804,38.4806,29.1317,1
274,20.1042,36.6263,26.7808,1
275,20.3522,33.6682,29.1997,1
276,18.5871,35.9761,31.6998,1
277,15.9853,37.3440,29.1242,1
278,15.2156,33.7226,28.3004,1
279,14.6326,33.0470,32.0828,1
280,12.5923,36.1531,32.6857,1
281,10.3114,35.7053,29.6055,1
282,8.6838,32.3337,30.4691,1
283,5.6144,32.1129,32.6768,0
284,6.7071,32.6677,36.1999,0
285,4.7163,29.7373,37.6665,0
286,4.9733,27.3461,34.7049,0
287,7.7751,28.3077,32.2090,0
288,10.8905,26.2595,31.3745,0
289,14.0856,27.5368,29.8577,0
290,16.6601,25.4366,28.0643,0
291,20.2123,26.7639,27.7801,0
292,21.5221,25.5188,24.3798,0
293,24.2070,28.1547,23.7208,0
294,27.6412,27.3545,25.0627,0
295,28.6577,30.5492,26.9078,0
296,31.9284,32.6345,27.1604,0
297,34.6085,30.9897,29.3233,0
298,34.6281,31.8756,33.0014,0
299,31.8615,34.3844,33.4137,0
300,28.8632,34.1212,35.8029,0
301,25.2196,35.2132,35.8779,0
302,23.4966,36.6759,39.0265,0
303,19.9733,35.3393,39.9050,0
304,17.7314,35.7114,42.8619,0
305,16.1870,32.4012,44.0572,0
306,12.6059,33.9789,44.1520,0
307,12.5432,33.7487,40.3463,0
308,12.5220,29.9550,40.6955,0
309,10.6330,29.4270,43.9720,0
310,7.2921,30.1294,42.2937,0
311,8.1182,27.3219,39.8616,0
312,10.1229,28.1709,36.6352,0
313,12.4169,25.1523,35.8210,0
314,15.9076,26.0691,34.4099,0
315,17.9922,23.4515,32.5537,0
316,20.2703,22.7387,29.5686,0
317,22.0497,19.9834,27.6282,0
318,24.5224,18.7990,25.0380,1
319,23.3806,17.1116,21.6965,1
320,19.6564,17.8386,22.1825,1
321,19.3939,14.8909,24.6640,1
322,19.9283,12.3671,21.8241,1
323,22.1254,9.3703,22.4104,1
324,24.7415,9.8484,19.7628,1
325,25.4891,6.3071,18.5175,1
326,21.8992,4.9432,18.9585,1
327,19.9766,8.0558,17.9932,1
328,21.7912,9.4881,14.8880,1
329,21.2045,6.2415,12.8498,1
330,17.4477,6.8701,13.4126,1
331,17.4945,10.5912,12.7775,1
332,19.1913,9.8505,9.4393,1
333,16.5408,7.2601,8.6786,1
334,13.9548,9.9834,9.2904,1
335,15.7500,12.3278,6.9370,1
336,15.5215,9.6109,4.3347,1
337,11.7739,8.7885,5.0191,1
338,11.2231,12.3347,3.8327,1
339,10.1190,13.4196,7.3403,1
340,11.7866,16.9045,7.6461,1
341,14.3062,18.9402,5.6343,1
342,17.8649,20.0901,5.9580,1
343,17.7831,22.1144,2.6943,1
344,16.4337,25.2779,4.2611,1
345,19.4589,25.6632,6.5053,1
346,22.4156,24.9950,4.1170,1
347,22.9220,28.3723,2.3917,1
348,26.3593,28.1589,0.6381,0
349,28.6583,25.1784,-0.3710,0
350,32.3131,26.2767,-0.5898,0
351,35.2688,23.8369,-1.2338,0
352,37.4707,23.0730,1.8207,1
353,40.0254,25.6801,0.7978,1
354,37.6146,28.5099,1.4039,1
355,37.2285,27.4530,5.1134,1
356,38.0997,30.9589,6.2988,1
357,35.6194,32.5308,3.8321,1
358,32.9192,30.3800,5.3425,1
359,34.0447,31.7512,8.7117,1
360,33.5785,35.2794,7.3068,1
361,30.0567,34.6237,6.0669,1
362,29.4306,33.3167,9.6734,1
363,30.8022,36.4859,11.1149,1
364,29.0549,38.9614,8.7712,1
365,25.8825,36.8585,8.9344,1
366,24.9660,35.6683,5.4828,1
367,24.9868,31.9876,6.2714,1
368,22.5791,29.7272,8.0017,1
369,24.9473,26.7380,7.4152,1
370,28.0076,26.9437,5.0964,0
371,29.0327,23.3528,3.9890,0
372,32.6122,22.6100,3.0339,0
373,33.3987,20.0093,0.4247,0
374,36.3684,17.7203,0.1650,0
